Date,Open*,High,Low,Close**,Volume,Market Cap
"Mar 08, 2022",$0.21,$0.21,$0.20,$0.20,"$68,045,226","$4,009,689,569"
"Mar 07, 2022",$0.20,$0.21,$0.20,$0.21,"$75,397,491","$4,045,995,249"
"Mar 06, 2022",$0.21,$0.21,$0.20,$0.20,"$41,817,330","$3,967,108,155"
"Mar 05, 2022",$0.21,$0.21,$0.20,$0.21,"$41,330,060","$4,121,323,901"
"Mar 04, 2022",$0.22,$0.22,$0.20,$0.21,"$72,282,108","$4,021,437,080"
"Mar 03, 2022",$0.22,$0.23,$0.22,$0.22,"$78,897,123","$4,329,643,477"
"Mar 02, 2022",$0.23,$0.23,$0.22,$0.22,"$93,172,800","$4,367,074,001"
"Mar 01, 2022",$0.23,$0.23,$0.22,$0.23,"$124,459,146","$4,439,097,791"
"Feb 28, 2022",$0.21,$0.23,$0.21,$0.23,"$96,019,863","$4,501,172,864"
"Feb 27, 2022",$0.22,$0.23,$0.21,$0.21,"$78,651,340","$4,110,035,393"
"Feb 26, 2022",$0.22,$0.23,$0.22,$0.22,"$67,431,236","$4,372,124,464"
"Feb 25, 2022",$0.22,$0.23,$0.21,$0.22,"$119,616,826","$4,394,592,758"
"Feb 24, 2022",$0.22,$0.22,$0.19,$0.22,"$200,781,284","$4,227,114,972"
"Feb 23, 2022",$0.23,$0.24,$0.22,$0.22,"$165,367,274","$4,283,557,009"
"Feb 22, 2022",$0.20,$0.24,$0.20,$0.23,"$270,843,375","$4,249,038,857"
"Feb 21, 2022",$0.22,$0.22,$0.20,$0.20,"$110,430,286","$3,631,269,058"
"Feb 20, 2022",$0.23,$0.24,$0.21,$0.22,"$85,519,529","$3,903,097,318"
"Feb 19, 2022",$0.23,$0.23,$0.22,$0.23,"$55,152,304","$4,207,045,070"
"Feb 18, 2022",$0.23,$0.24,$0.23,$0.23,"$82,506,957","$4,154,582,477"
"Feb 17, 2022",$0.26,$0.26,$0.23,$0.23,"$119,656,495","$4,243,323,147"
"Feb 16, 2022",$0.26,$0.27,$0.25,$0.26,"$114,603,631","$4,735,829,250"
"Feb 15, 2022",$0.24,$0.26,$0.24,$0.26,"$192,261,764","$4,686,915,325"
"Feb 14, 2022",$0.23,$0.24,$0.22,$0.24,"$101,336,079","$4,377,164,663"
"Feb 13, 2022",$0.23,$0.23,$0.22,$0.23,"$57,259,903","$4,116,759,110"
"Feb 12, 2022",$0.23,$0.24,$0.23,$0.23,"$77,301,857","$4,182,688,102"
"Feb 11, 2022",$0.25,$0.25,$0.23,$0.23,"$92,052,658","$4,225,611,384"
"Feb 10, 2022",$0.26,$0.26,$0.24,$0.25,"$105,299,945","$4,468,848,763"
"Feb 09, 2022",$0.25,$0.26,$0.25,$0.26,"$68,186,790","$4,647,871,874"
"Feb 08, 2022",$0.26,$0.26,$0.24,$0.25,"$114,383,588","$4,596,252,220"
"Feb 07, 2022",$0.26,$0.27,$0.25,$0.26,"$107,669,774","$4,737,742,277"
"Feb 06, 2022",$0.26,$0.26,$0.25,$0.26,"$61,045,797","$4,668,625,009"
"Feb 05, 2022",$0.25,$0.26,$0.25,$0.26,"$84,933,219","$4,682,862,078"
"Feb 04, 2022",$0.24,$0.25,$0.24,$0.25,"$114,956,380","$4,489,963,945"
"Feb 03, 2022",$0.22,$0.25,$0.22,$0.24,"$168,730,764","$4,285,754,614"
"Feb 02, 2022",$0.23,$0.23,$0.22,$0.22,"$51,502,562","$4,004,833,096"
"Feb 01, 2022",$0.22,$0.23,$0.22,$0.23,"$61,342,663","$4,148,946,478"
"Jan 31, 2022",$0.22,$0.22,$0.21,$0.22,"$54,121,809","$4,014,559,711"
"Jan 30, 2022",$0.22,$0.23,$0.22,$0.22,"$44,964,632","$3,951,428,887"
"Jan 29, 2022",$0.22,$0.22,$0.22,$0.22,"$52,816,215","$4,014,502,952"
"Jan 28, 2022",$0.21,$0.22,$0.21,$0.22,"$50,592,426","$3,911,530,064"
"Jan 27, 2022",$0.21,$0.22,$0.20,$0.21,"$76,522,478","$3,765,884,915"
"Jan 26, 2022",$0.21,$0.22,$0.21,$0.21,"$97,959,421","$3,841,465,709"
"Jan 25, 2022",$0.21,$0.22,$0.20,$0.21,"$88,407,832","$3,829,992,316"
"Jan 24, 2022",$0.22,$0.22,$0.19,$0.21,"$148,407,675","$3,740,740,412"
"Jan 23, 2022",$0.22,$0.23,$0.21,$0.22,"$99,935,594","$4,020,627,148"
"Jan 22, 2022",$0.23,$0.24,$0.20,$0.22,"$148,975,709","$3,997,368,637"
"Jan 21, 2022",$0.26,$0.27,$0.23,$0.23,"$162,491,561","$4,240,109,372"
"Jan 20, 2022",$0.27,$0.28,$0.26,$0.26,"$105,886,922","$4,703,313,345"
"Jan 19, 2022",$0.27,$0.27,$0.25,$0.27,"$84,296,029","$4,834,650,138"
"Jan 18, 2022",$0.27,$0.27,$0.26,$0.27,"$75,225,967","$4,817,025,248"
"Jan 17, 2022",$0.28,$0.28,$0.27,$0.27,"$84,091,906","$4,888,938,697"
"Jan 16, 2022",$0.28,$0.28,$0.28,$0.28,"$57,174,918","$5,053,851,592"
"Jan 15, 2022",$0.28,$0.28,$0.28,$0.28,"$56,346,126","$5,070,274,639"
"Jan 14, 2022",$0.28,$0.29,$0.27,$0.28,"$78,936,017","$5,087,958,909"
"Jan 13, 2022",$0.30,$0.30,$0.28,$0.28,"$107,201,065","$5,023,221,228"
"Jan 12, 2022",$0.28,$0.30,$0.27,$0.30,"$114,994,147","$5,349,923,154"
"Jan 11, 2022",$0.26,$0.27,$0.26,$0.27,"$96,392,259","$4,971,368,961"
"Jan 10, 2022",$0.27,$0.28,$0.25,$0.26,"$103,366,887","$4,722,030,837"
"Jan 09, 2022",$0.27,$0.28,$0.26,$0.27,"$77,015,275","$4,930,372,287"
"Jan 08, 2022",$0.27,$0.28,$0.25,$0.27,"$122,143,875","$4,803,636,434"
"Jan 07, 2022",$0.29,$0.30,$0.27,$0.27,"$188,832,915","$4,928,694,217"
"Jan 06, 2022",$0.29,$0.30,$0.27,$0.29,"$166,279,993","$5,326,590,974"
"Jan 05, 2022",$0.33,$0.34,$0.27,$0.29,"$229,076,508","$5,215,454,057"
"Jan 04, 2022",$0.31,$0.34,$0.30,$0.33,"$252,170,782","$5,896,412,503"
"Jan 03, 2022",$0.31,$0.32,$0.30,$0.31,"$96,846,219","$5,545,444,585"
"Jan 02, 2022",$0.30,$0.32,$0.30,$0.31,"$115,099,605","$5,647,710,454"
"Jan 01, 2022",$0.29,$0.30,$0.29,$0.30,"$61,977,957","$5,443,932,836"
"Dec 31, 2021",$0.30,$0.31,$0.28,$0.29,"$92,578,902","$5,256,730,863"
"Dec 30, 2021",$0.28,$0.31,$0.28,$0.30,"$121,941,200","$5,387,049,631"
"Dec 29, 2021",$0.29,$0.30,$0.28,$0.28,"$85,008,799","$5,110,702,337"
"Dec 28, 2021",$0.31,$0.31,$0.28,$0.29,"$129,230,620","$5,263,444,894"
"Dec 27, 2021",$0.32,$0.33,$0.31,$0.31,"$83,569,266","$5,665,428,031"
"Dec 26, 2021",$0.31,$0.32,$0.30,$0.32,"$81,289,844","$5,771,193,769"
"Dec 25, 2021",$0.31,$0.32,$0.31,$0.32,"$60,248,295","$5,701,796,833"
"Dec 24, 2021",$0.33,$0.33,$0.31,$0.31,"$95,374,659","$5,608,332,617"
"Dec 23, 2021",$0.32,$0.33,$0.31,$0.33,"$100,048,506","$5,951,298,889"
"Dec 22, 2021",$0.31,$0.34,$0.31,$0.32,"$170,411,937","$5,766,810,837"
"Dec 21, 2021",$0.30,$0.32,$0.30,$0.31,"$74,689,944","$5,585,435,056"
"Dec 20, 2021",$0.32,$0.33,$0.30,$0.30,"$145,936,517","$5,501,792,962"
"Dec 19, 2021",$0.31,$0.33,$0.29,$0.32,"$219,593,441","$5,854,701,457"
"Dec 18, 2021",$0.25,$0.31,$0.24,$0.31,"$275,272,001","$5,593,638,243"
"Dec 17, 2021",$0.26,$0.27,$0.24,$0.25,"$71,617,370","$4,552,639,047"
"Dec 16, 2021",$0.26,$0.28,$0.26,$0.26,"$97,351,590","$4,726,570,504"
"Dec 15, 2021",$0.23,$0.26,$0.23,$0.26,"$83,754,499","$4,641,099,363"
"Dec 14, 2021",$0.23,$0.24,$0.22,$0.23,"$63,926,839","$4,071,079,685"
"Dec 13, 2021",$0.26,$0.26,$0.22,$0.23,"$56,673,519","$4,081,399,066"
"Dec 12, 2021",$0.25,$0.26,$0.24,$0.26,"$36,500,600","$4,630,292,502"
"Dec 11, 2021",$0.24,$0.26,$0.23,$0.25,"$43,779,439","$4,587,815,117"
"Dec 10, 2021",$0.25,$0.26,$0.24,$0.24,"$68,961,995","$4,286,982,875"
"Dec 09, 2021",$0.28,$0.29,$0.25,$0.25,"$83,659,417","$4,557,813,230"
"Dec 08, 2021",$0.27,$0.28,$0.26,$0.28,"$82,561,201","$5,070,244,891"
"Dec 07, 2021",$0.28,$0.29,$0.27,$0.27,"$74,943,945","$4,952,339,268"
"Dec 06, 2021",$0.28,$0.28,$0.24,$0.28,"$93,219,146","$5,069,643,287"
"Dec 05, 2021",$0.29,$0.29,$0.26,$0.28,"$83,691,534","$4,985,331,051"
"Dec 04, 2021",$0.32,$0.32,$0.22,$0.29,"$186,779,898","$5,172,004,015"
"Dec 03, 2021",$0.34,$0.35,$0.31,$0.32,"$96,380,315","$5,707,126,710"
"Dec 02, 2021",$0.35,$0.35,$0.34,$0.34,"$57,711,984","$6,133,430,333"
"Dec 01, 2021",$0.35,$0.36,$0.34,$0.35,"$78,776,870","$6,358,364,198"
"Nov 30, 2021",$0.36,$0.37,$0.34,$0.35,"$142,001,330","$6,315,788,553"
"Nov 29, 2021",$0.33,$0.36,$0.32,$0.36,"$101,141,755","$6,443,085,946"
"Nov 28, 2021",$0.33,$0.33,$0.30,$0.33,"$95,391,788","$6,014,463,209"
"Nov 27, 2021",$0.32,$0.34,$0.32,$0.33,"$61,157,418","$5,996,070,032"
"Nov 26, 2021",$0.36,$0.37,$0.32,$0.32,"$162,431,134","$5,817,745,442"
"Nov 25, 2021",$0.35,$0.36,$0.35,$0.35,"$117,900,433","$6,278,966,616"
"Nov 24, 2021",$0.37,$0.37,$0.34,$0.36,"$98,120,644","$5,592,443,486"
"Nov 23, 2021",$0.36,$0.37,$0.35,$0.37,"$95,796,843","$5,760,136,069"
"Nov 22, 2021",$0.39,$0.39,$0.36,$0.36,"$110,045,783","$5,456,387,274"
"Nov 21, 2021",$0.39,$0.40,$0.38,$0.39,"$91,322,370","$5,790,442,910"
"Nov 20, 2021",$0.38,$0.40,$0.37,$0.39,"$89,447,178","$5,829,622,632"
"Nov 19, 2021",$0.36,$0.38,$0.35,$0.38,"$111,218,264","$5,708,962,832"
"Nov 18, 2021",$0.41,$0.41,$0.35,$0.36,"$195,519,776","$5,372,702,170"
"Nov 17, 2021",$0.40,$0.42,$0.40,$0.41,"$157,030,101","$6,111,271,827"
"Nov 16, 2021",$0.43,$0.43,$0.37,$0.40,"$185,661,205","$5,938,398,854"
"Nov 15, 2021",$0.44,$0.44,$0.42,$0.43,"$107,302,369","$6,393,453,568"
"Nov 14, 2021",$0.44,$0.45,$0.42,$0.44,"$97,871,952","$6,583,436,438"
"Nov 13, 2021",$0.45,$0.47,$0.44,$0.44,"$165,505,910","$6,569,914,319"
"Nov 12, 2021",$0.43,$0.48,$0.43,$0.45,"$363,207,144","$6,782,629,343"
"Nov 11, 2021",$0.41,$0.45,$0.40,$0.43,"$268,357,671","$6,517,333,962"
"Nov 10, 2021",$0.43,$0.45,$0.39,$0.41,"$277,025,777","$6,133,756,462"
"Nov 09, 2021",$0.42,$0.44,$0.41,$0.43,"$209,105,590","$6,393,198,940"
"Nov 08, 2021",$0.39,$0.43,$0.39,$0.42,"$419,019,614","$6,341,376,558"
"Nov 07, 2021",$0.39,$0.40,$0.38,$0.39,"$71,520,468","$5,928,934,374"
"Nov 06, 2021",$0.39,$0.40,$0.37,$0.39,"$79,798,639","$5,791,381,268"
"Nov 05, 2021",$0.39,$0.40,$0.39,$0.39,"$130,293,468","$5,882,622,567"
"Nov 04, 2021",$0.39,$0.40,$0.38,$0.40,"$127,460,746","$5,941,286,015"
"Nov 03, 2021",$0.40,$0.40,$0.38,$0.39,"$130,935,015","$5,866,459,565"
"Nov 02, 2021",$0.40,$0.40,$0.39,$0.40,"$135,946,202","$5,956,605,171"
"Nov 01, 2021",$0.41,$0.43,$0.39,$0.40,"$222,631,417","$6,012,225,674"
"Oct 31, 2021",$0.42,$0.47,$0.39,$0.41,"$388,084,582","$6,113,176,368"
"Oct 30, 2021",$0.39,$0.44,$0.39,$0.42,"$467,840,583","$6,293,316,313"
"Oct 29, 2021",$0.37,$0.40,$0.37,$0.39,"$161,063,513","$5,847,935,524"
"Oct 28, 2021",$0.35,$0.38,$0.35,$0.37,"$220,965,421","$5,571,560,596"
"Oct 27, 2021",$0.39,$0.40,$0.33,$0.35,"$336,909,487","$5,258,262,930"
"Oct 26, 2021",$0.39,$0.41,$0.38,$0.39,"$208,701,852","$5,880,856,208"
"Oct 25, 2021",$0.37,$0.39,$0.36,$0.39,"$153,129,692","$5,736,907,037"
"Oct 24, 2021",$0.38,$0.38,$0.36,$0.37,"$180,787,950","$5,452,126,078"
"Oct 23, 2021",$0.38,$0.38,$0.37,$0.38,"$101,061,164","$5,634,225,716"
"Oct 22, 2021",$0.38,$0.39,$0.37,$0.38,"$138,055,775","$5,615,006,303"
"Oct 21, 2021",$0.40,$0.41,$0.37,$0.38,"$208,223,757","$5,611,957,777"
"Oct 20, 2021",$0.38,$0.41,$0.37,$0.40,"$314,185,101","$5,954,627,912"
"Oct 19, 2021",$0.36,$0.38,$0.35,$0.38,"$285,747,330","$5,570,334,797"
"Oct 18, 2021",$0.36,$0.37,$0.35,$0.36,"$373,182,366","$5,293,813,574"
"Oct 17, 2021",$0.37,$0.38,$0.35,$0.36,"$330,189,463","$5,283,424,172"
"Oct 16, 2021",$0.36,$0.38,$0.36,$0.37,"$229,479,820","$5,523,483,685"
"Oct 15, 2021",$0.39,$0.39,$0.36,$0.36,"$337,628,398","$5,389,455,652"
"Oct 14, 2021",$0.36,$0.40,$0.35,$0.39,"$356,988,127","$5,761,921,040"
"Oct 13, 2021",$0.35,$0.36,$0.34,$0.36,"$301,046,312","$5,318,576,510"
"Oct 12, 2021",$0.34,$0.36,$0.32,$0.35,"$377,410,177","$5,194,907,323"
"Oct 11, 2021",$0.34,$0.36,$0.34,$0.34,"$358,811,622","$5,098,451,825"
"Oct 10, 2021",$0.37,$0.37,$0.34,$0.34,"$369,347,366","$5,094,509,752"
"Oct 09, 2021",$0.37,$0.38,$0.36,$0.37,"$246,129,180","$5,500,892,840"
"Oct 08, 2021",$0.38,$0.39,$0.37,$0.37,"$217,291,079","$5,541,686,840"
"Oct 07, 2021",$0.38,$0.39,$0.37,$0.38,"$286,091,775","$5,605,394,375"
"Oct 06, 2021",$0.40,$0.41,$0.36,$0.38,"$263,592,878","$5,651,198,363"
"Oct 05, 2021",$0.40,$0.42,$0.39,$0.40,"$268,413,970","$5,947,087,611"
"Oct 04, 2021",$0.40,$0.43,$0.38,$0.40,"$364,151,939","$5,990,647,042"
"Oct 03, 2021",$0.39,$0.42,$0.38,$0.40,"$314,995,360","$5,939,876,829"
"Oct 02, 2021",$0.37,$0.42,$0.36,$0.39,"$380,019,086","$5,749,624,013"
"Oct 01, 2021",$0.34,$0.37,$0.33,$0.37,"$343,920,941","$5,419,021,199"
"Sep 30, 2021",$0.31,$0.34,$0.31,$0.34,"$317,966,482","$3,479,516,634"
"Sep 29, 2021",$0.30,$0.33,$0.30,$0.31,"$331,753,290","$3,199,975,904"
"Sep 28, 2021",$0.32,$0.33,$0.30,$0.30,"$380,084,560","$3,129,702,119"
"Sep 27, 2021",$0.34,$0.35,$0.32,$0.32,"$366,810,274","$3,304,058,107"
"Sep 26, 2021",$0.34,$0.35,$0.31,$0.33,"$402,888,674","$3,445,082,025"
"Sep 25, 2021",$0.35,$0.36,$0.33,$0.34,"$408,127,213","$3,521,762,412"
"Sep 24, 2021",$0.38,$0.38,$0.32,$0.35,"$566,043,677","$3,601,623,992"
"Sep 23, 2021",$0.37,$0.39,$0.36,$0.38,"$439,041,719","$3,941,092,688"
"Sep 22, 2021",$0.31,$0.38,$0.30,$0.37,"$595,978,251","$3,777,001,917"
"Sep 21, 2021",$0.34,$0.35,$0.29,$0.31,"$667,581,420","$2,965,888,582"
"Sep 20, 2021",$0.40,$0.40,$0.32,$0.34,"$682,025,298","$3,252,688,683"
"Sep 19, 2021",$0.43,$0.43,$0.39,$0.40,"$286,777,312","$3,835,198,127"
"Sep 18, 2021",$0.43,$0.45,$0.41,$0.43,"$415,051,494","$4,168,546,136"
"Sep 17, 2021",$0.48,$0.48,$0.42,$0.43,"$561,091,904","$4,100,066,761"
"Sep 16, 2021",$0.51,$0.57,$0.46,$0.48,"$1,130,094,493","$4,607,757,956"
"Sep 15, 2021",$0.46,$0.57,$0.45,$0.51,"$1,317,970,794","$4,873,644,533"
"Sep 14, 2021",$0.43,$0.49,$0.40,$0.46,"$809,165,334","$4,390,433,205"
"Sep 13, 2021",$0.42,$0.45,$0.37,$0.43,"$973,984,915","$4,133,748,922"
"Sep 12, 2021",$0.36,$0.42,$0.35,$0.42,"$769,431,973","$4,051,802,028"
"Sep 11, 2021",$0.32,$0.39,$0.32,$0.36,"$785,686,168","$3,510,734,915"
"Sep 10, 2021",$0.33,$0.34,$0.30,$0.32,"$427,327,773","$3,043,871,338"
"Sep 09, 2021",$0.34,$0.36,$0.29,$0.33,"$732,932,225","$3,192,027,064"
"Sep 08, 2021",$0.27,$0.32,$0.25,$0.32,"$516,532,511","$3,072,319,035"
"Sep 07, 2021",$0.31,$0.34,$0.24,$0.27,"$612,754,338","$2,616,435,399"
"Sep 06, 2021",$0.31,$0.32,$0.30,$0.31,"$316,084,304","$3,002,802,882"
"Sep 05, 2021",$0.32,$0.32,$0.30,$0.31,"$332,184,580","$2,960,548,815"
"Sep 04, 2021",$0.29,$0.32,$0.28,$0.32,"$362,499,956","$3,054,295,421"
"Sep 03, 2021",$0.27,$0.29,$0.27,$0.29,"$277,652,009","$2,745,260,135"
"Sep 02, 2021",$0.26,$0.28,$0.26,$0.27,"$321,155,198","$2,634,967,692"
"Sep 01, 2021",$0.25,$0.27,$0.24,$0.26,"$231,717,545","$2,547,559,214"
"Aug 31, 2021",$0.25,$0.27,$0.24,$0.25,"$322,381,882","$2,382,820,194"
"Aug 30, 2021",$0.25,$0.26,$0.24,$0.25,"$246,002,735","$2,325,418,767"
"Aug 29, 2021",$0.26,$0.26,$0.25,$0.25,"$235,163,083","$2,396,067,967"
"Aug 28, 2021",$0.25,$0.27,$0.25,$0.26,"$232,106,032","$2,469,856,580"
"Aug 27, 2021",$0.24,$0.25,$0.23,$0.25,"$222,474,372","$2,409,736,217"
"Aug 26, 2021",$0.26,$0.26,$0.23,$0.24,"$272,612,604","$2,260,678,761"
"Aug 25, 2021",$0.25,$0.26,$0.24,$0.26,"$278,776,167","$2,439,107,776"
"Aug 24, 2021",$0.26,$0.29,$0.25,$0.25,"$420,759,967","$2,397,699,710"
"Aug 23, 2021",$0.24,$0.26,$0.24,$0.26,"$266,257,600","$2,467,588,674"
"Aug 22, 2021",$0.24,$0.25,$0.23,$0.24,"$217,559,901","$2,286,314,476"
"Aug 21, 2021",$0.25,$0.25,$0.24,$0.24,"$213,590,556","$2,257,208,746"
"Aug 20, 2021",$0.24,$0.25,$0.23,$0.25,"$223,919,655","$2,294,014,819"
"Aug 19, 2021",$0.22,$0.24,$0.22,$0.24,"$215,048,622","$2,203,450,101"
"Aug 18, 2021",$0.23,$0.23,$0.22,$0.22,"$238,125,622","$2,082,838,856"
"Aug 17, 2021",$0.24,$0.25,$0.23,$0.23,"$280,888,146","$2,120,983,256"
"Aug 16, 2021",$0.25,$0.27,$0.24,$0.24,"$261,498,205","$2,269,716,079"
"Aug 15, 2021",$0.26,$0.26,$0.24,$0.25,"$219,713,477","$2,343,421,757"
"Aug 14, 2021",$0.23,$0.28,$0.23,$0.26,"$271,029,436","$2,437,397,363"
"Aug 13, 2021",$0.22,$0.23,$0.22,$0.23,"$64,994,281","$2,149,418,151"
"Aug 12, 2021",$0.23,$0.24,$0.21,$0.22,"$237,667,102","$2,032,777,712"
"Aug 11, 2021",$0.22,$0.24,$0.22,$0.23,"$192,562,270","$2,123,022,750"
"Aug 10, 2021",$0.22,$0.23,$0.22,$0.22,"$74,026,897","$2,089,978,363"
"Aug 09, 2021",$0.21,$0.22,$0.21,$0.22,"$44,357,309","$2,060,373,732"
"Aug 08, 2021",$0.22,$0.23,$0.21,$0.21,"$105,603,453","$1,987,256,402"
"Aug 07, 2021",$0.22,$0.23,$0.22,$0.22,"$188,463,208","$2,085,699,478"
"Aug 06, 2021",$0.22,$0.22,$0.21,$0.22,"$180,765,846","$2,025,830,602"
"Aug 05, 2021",$0.22,$0.22,$0.21,$0.22,"$196,836,488","$2,037,148,833"
"Aug 04, 2021",$0.21,$0.22,$0.21,$0.22,"$134,829,861","$2,025,023,654"
"Aug 03, 2021",$0.21,$0.23,$0.21,$0.21,"$165,811,655","$1,991,956,825"
"Aug 02, 2021",$0.21,$0.21,$0.20,$0.21,"$169,256,655","$1,945,170,900"
"Aug 01, 2021",$0.21,$0.22,$0.20,$0.21,"$170,903,092","$1,916,856,913"
"Jul 31, 2021",$0.21,$0.22,$0.21,$0.21,"$148,343,144","$1,960,491,232"
"Jul 30, 2021",$0.20,$0.22,$0.20,$0.21,"$181,677,447","$1,964,685,556"
"Jul 29, 2021",$0.20,$0.21,$0.19,$0.20,"$128,806,677","$1,867,659,184"
"Jul 28, 2021",$0.20,$0.21,$0.19,$0.20,"$174,172,394","$1,801,604,328"
"Jul 27, 2021",$0.18,$0.20,$0.18,$0.20,"$214,686,211","$1,799,751,852"
"Jul 26, 2021",$0.18,$0.21,$0.18,$0.18,"$250,397,237","$1,681,208,584"
"Jul 25, 2021",$0.18,$0.18,$0.17,$0.18,"$118,708,982","$1,610,516,836"
"Jul 24, 2021",$0.17,$0.18,$0.17,$0.18,"$126,292,167","$1,641,199,417"
"Jul 23, 2021",$0.17,$0.17,$0.17,$0.17,"$137,066,149","$1,590,212,648"
"Jul 22, 2021",$0.17,$0.18,$0.16,$0.17,"$131,101,609","$1,710,964,771"
"Jul 21, 2021",$0.16,$0.17,$0.16,$0.17,"$130,461,145","$1,513,125,878"
"Jul 20, 2021",$0.17,$0.17,$0.16,$0.16,"$150,832,626","$1,419,290,181"
"Jul 19, 2021",$0.18,$0.18,$0.17,$0.17,"$99,321,626","$1,548,197,933"
"Jul 18, 2021",$0.19,$0.19,$0.18,$0.18,"$175,045,762","$1,631,720,281"
"Jul 17, 2021",$0.18,$0.19,$0.18,$0.19,"$222,460,778","$1,678,597,449"
"Jul 16, 2021",$0.17,$0.20,$0.17,$0.18,"$336,794,978","$1,618,900,720"
"Jul 15, 2021",$0.17,$0.18,$0.17,$0.17,"$224,353,691","$1,558,342,836"
"Jul 14, 2021",$0.18,$0.18,$0.16,$0.17,"$160,798,961","$1,524,261,120"
"Jul 13, 2021",$0.17,$0.18,$0.17,$0.18,"$219,938,358","$1,574,942,549"
"Jul 12, 2021",$0.17,$0.17,$0.17,$0.17,"$141,483,434","$1,508,957,393"
"Jul 11, 2021",$0.17,$0.17,$0.17,$0.17,"$72,491,111","$1,535,414,533"
"Jul 10, 2021",$0.18,$0.18,$0.17,$0.17,"$153,532,525","$1,514,709,188"
"Jul 09, 2021",$0.17,$0.18,$0.17,$0.18,"$161,911,825","$1,568,431,106"
"Jul 08, 2021",$0.19,$0.19,$0.17,$0.17,"$186,739,437","$1,538,643,226"
"Jul 07, 2021",$0.19,$0.19,$0.18,$0.19,"$128,406,226","$1,660,548,320"
"Jul 06, 2021",$0.19,$0.19,$0.18,$0.18,"$169,478,655","$1,654,374,280"
"Jul 05, 2021",$0.19,$0.19,$0.18,$0.18,"$182,850,222","$1,655,295,693"
"Jul 04, 2021",$0.19,$0.20,$0.19,$0.19,"$132,516,533","$1,738,278,627"
"Jul 03, 2021",$0.19,$0.20,$0.19,$0.19,"$154,670,967","$1,730,136,561"
"Jul 02, 2021",$0.21,$0.21,$0.19,$0.19,"$186,051,050","$1,730,303,839"
"Jul 01, 2021",$0.20,$0.21,$0.18,$0.21,"$251,308,009","$1,899,855,532"
"Jun 30, 2021",$0.19,$0.20,$0.18,$0.20,"$188,821,623","$1,718,706,873"
"Jun 29, 2021",$0.18,$0.20,$0.18,$0.19,"$152,042,580","$1,670,968,029"
"Jun 28, 2021",$0.18,$0.18,$0.18,$0.18,"$143,579,574","$1,603,266,034"
"Jun 27, 2021",$0.18,$0.18,$0.17,$0.18,"$150,525,717","$1,605,000,735"
"Jun 26, 2021",$0.17,$0.19,$0.16,$0.18,"$218,458,971","$1,567,894,362"
"Jun 25, 2021",$0.19,$0.19,$0.16,$0.17,"$225,379,219","$1,465,066,720"
"Jun 24, 2021",$0.18,$0.19,$0.18,$0.19,"$144,508,381","$1,690,537,477"
"Jun 23, 2021",$0.17,$0.19,$0.16,$0.18,"$196,238,077","$1,575,513,045"
"Jun 22, 2021",$0.17,$0.18,$0.14,$0.17,"$253,835,589","$1,461,500,635"
"Jun 21, 2021",$0.19,$0.20,$0.16,$0.17,"$234,985,301","$1,503,995,933"
"Jun 20, 2021",$0.20,$0.20,$0.18,$0.19,"$181,780,370","$1,663,008,922"
"Jun 19, 2021",$0.21,$0.21,$0.20,$0.20,"$182,002,658","$1,693,533,898"
"Jun 18, 2021",$0.21,$0.23,$0.20,$0.21,"$269,943,333","$1,779,342,843"
"Jun 17, 2021",$0.21,$0.22,$0.20,$0.21,"$179,313,820","$1,790,909,709"
"Jun 16, 2021",$0.21,$0.21,$0.20,$0.21,"$213,542,337","$1,765,141,038"
"Jun 15, 2021",$0.21,$0.22,$0.20,$0.21,"$137,972,984","$1,825,519,887"
"Jun 14, 2021",$0.20,$0.21,$0.19,$0.20,"$77,084,996","$1,703,143,379"
"Jun 13, 2021",$0.19,$0.20,$0.18,$0.20,"$66,987,663","$1,691,229,543"
"Jun 12, 2021",$0.20,$0.20,$0.18,$0.19,"$210,137,288","$1,627,041,506"
"Jun 11, 2021",$0.21,$0.21,$0.20,$0.20,"$189,105,907","$1,716,496,759"
"Jun 10, 2021",$0.22,$0.22,$0.20,$0.21,"$195,082,056","$1,766,346,394"
"Jun 09, 2021",$0.22,$0.22,$0.20,$0.22,"$217,221,450","$1,874,965,377"
"Jun 08, 2021",$0.21,$0.22,$0.19,$0.22,"$258,790,003","$1,859,230,497"
"Jun 07, 2021",$0.23,$0.23,$0.21,$0.21,"$191,651,938","$1,795,218,920"
"Jun 06, 2021",$0.22,$0.23,$0.22,$0.23,"$160,536,125","$1,961,550,925"
"Jun 05, 2021",$0.23,$0.24,$0.21,$0.22,"$225,015,868","$1,910,932,287"
"Jun 04, 2021",$0.26,$0.26,$0.22,$0.23,"$279,386,288","$1,996,737,122"
"Jun 03, 2021",$0.23,$0.27,$0.23,$0.26,"$228,158,781","$2,207,225,289"
"Jun 02, 2021",$0.23,$0.24,$0.22,$0.23,"$199,288,390","$1,984,679,283"
"Jun 01, 2021",$0.23,$0.24,$0.22,$0.23,"$212,573,328","$1,934,786,426"
"May 31, 2021",$0.22,$0.24,$0.21,$0.23,"$201,051,044","$1,972,149,454"
"May 30, 2021",$0.21,$0.23,$0.20,$0.22,"$196,649,646","$1,841,907,388"
"May 29, 2021",$0.22,$0.22,$0.20,$0.21,"$257,751,723","$1,763,756,479"
"May 28, 2021",$0.25,$0.26,$0.21,$0.22,"$342,312,742","$1,842,195,269"
"May 27, 2021",$0.27,$0.27,$0.25,$0.25,"$279,870,285","$2,140,127,974"
"May 26, 2021",$0.25,$0.28,$0.25,$0.27,"$304,500,199","$2,309,228,384"
"May 25, 2021",$0.26,$0.27,$0.23,$0.25,"$292,896,729","$2,126,833,871"
"May 24, 2021",$0.23,$0.27,$0.22,$0.25,"$327,811,435","$2,142,715,300"
"May 23, 2021",$0.27,$0.27,$0.19,$0.23,"$418,663,995","$1,963,915,473"
"May 22, 2021",$0.24,$0.30,$0.21,$0.27,"$516,550,344","$2,221,564,349"
"May 21, 2021",$0.27,$0.29,$0.20,$0.24,"$421,381,776","$1,962,478,030"
"May 20, 2021",$0.22,$0.29,$0.19,$0.28,"$457,736,041","$2,276,454,059"
"May 19, 2021",$0.34,$0.34,$0.16,$0.22,"$650,520,198","$1,794,554,580"
"May 18, 2021",$0.29,$0.35,$0.29,$0.33,"$459,178,817","$2,733,692,076"
"May 17, 2021",$0.33,$0.35,$0.29,$0.29,"$500,249,127","$2,413,799,307"
"May 16, 2021",$0.31,$0.36,$0.30,$0.33,"$528,274,953","$2,719,860,427"
"May 15, 2021",$0.34,$0.34,$0.30,$0.31,"$644,061,708","$2,537,197,089"
"May 14, 2021",$0.33,$0.39,$0.32,$0.34,"$1,283,319,120","$2,781,356,530"
"May 13, 2021",$0.24,$0.40,$0.23,$0.33,"$1,149,740,929","$2,755,900,317"
"May 12, 2021",$0.28,$0.29,$0.24,$0.24,"$291,234,265","$1,980,747,787"
"May 11, 2021",$0.27,$0.28,$0.26,$0.28,"$257,700,261","$2,337,505,701"
"May 10, 2021",$0.29,$0.30,$0.25,$0.27,"$349,988,134","$2,194,230,359"
"May 09, 2021",$0.30,$0.30,$0.28,$0.29,"$312,130,870","$2,408,649,230"
"May 08, 2021",$0.31,$0.31,$0.29,$0.30,"$300,256,776","$2,452,805,159"
"May 07, 2021",$0.30,$0.32,$0.29,$0.31,"$329,472,694","$2,524,504,354"
"May 06, 2021",$0.32,$0.32,$0.29,$0.30,"$333,225,369","$2,463,428,283"
"May 05, 2021",$0.28,$0.32,$0.28,$0.32,"$321,165,557","$2,602,798,388"
"May 04, 2021",$0.32,$0.32,$0.28,$0.28,"$412,609,709","$2,306,617,761"
"May 03, 2021",$0.33,$0.34,$0.32,$0.32,"$338,385,949","$2,661,671,316"
"May 02, 2021",$0.33,$0.35,$0.30,$0.33,"$381,528,805","$2,713,970,811"
"May 01, 2021",$0.30,$0.34,$0.28,$0.33,"$355,036,285","$2,699,209,111"
"Apr 30, 2021",$0.29,$0.30,$0.28,$0.30,"$245,953,638","$2,428,081,874"
"Apr 29, 2021",$0.29,$0.31,$0.27,$0.29,"$337,930,671","$2,316,669,747"
"Apr 28, 2021",$0.30,$0.31,$0.28,$0.29,"$271,937,321","$2,322,760,490"
"Apr 27, 2021",$0.28,$0.31,$0.28,$0.30,"$355,205,964","$2,455,485,110"
"Apr 26, 2021",$0.25,$0.29,$0.24,$0.28,"$348,062,501","$2,302,197,449"
"Apr 25, 2021",$0.24,$0.27,$0.23,$0.25,"$303,433,858","$1,981,488,493"
"Apr 24, 2021",$0.27,$0.27,$0.24,$0.24,"$299,084,285","$1,976,379,998"
"Apr 23, 2021",$0.26,$0.27,$0.20,$0.27,"$467,257,700","$2,172,724,735"
"Apr 22, 2021",$0.29,$0.30,$0.25,$0.26,"$375,967,064","$2,046,483,215"
"Apr 21, 2021",$0.32,$0.32,$0.29,$0.29,"$403,711,180","$2,313,379,226"
"Apr 20, 2021",$0.29,$0.35,$0.26,$0.32,"$578,913,074","$2,550,545,448"
"Apr 19, 2021",$0.31,$0.32,$0.27,$0.29,"$441,181,829","$2,293,996,176"
"Apr 18, 2021",$0.35,$0.35,$0.26,$0.31,"$473,030,138","$2,466,576,132"
"Apr 17, 2021",$0.35,$0.37,$0.34,$0.35,"$405,408,000","$2,747,670,724"
"Apr 16, 2021",$0.38,$0.38,$0.33,$0.35,"$473,030,691","$2,783,238,779"
"Apr 15, 2021",$0.38,$0.38,$0.36,$0.38,"$358,020,676","$3,020,185,273"
"Apr 14, 2021",$0.41,$0.41,$0.36,$0.38,"$463,917,652","$2,979,085,872"
"Apr 13, 2021",$0.36,$0.41,$0.34,$0.41,"$315,024,748","$3,236,990,513"
"Apr 12, 2021",$0.35,$0.37,$0.33,$0.36,"$242,554,518","$2,825,715,024"
"Apr 11, 2021",$0.33,$0.38,$0.33,$0.35,"$348,818,632","$2,764,417,246"
"Apr 10, 2021",$0.34,$0.35,$0.32,$0.33,"$188,872,932","$2,612,097,334"
"Apr 09, 2021",$0.33,$0.37,$0.33,$0.34,"$283,874,310","$2,677,917,239"
"Apr 08, 2021",$0.30,$0.33,$0.30,$0.33,"$180,937,389","$2,591,858,256"
"Apr 07, 2021",$0.33,$0.33,$0.28,$0.30,"$223,994,759","$2,366,844,096"
"Apr 06, 2021",$0.32,$0.34,$0.31,$0.33,"$337,404,815","$2,593,472,292"
"Apr 05, 2021",$0.33,$0.34,$0.31,$0.32,"$269,090,111","$2,519,311,478"
"Apr 04, 2021",$0.32,$0.34,$0.32,$0.33,"$167,747,931","$2,636,848,089"
"Apr 03, 2021",$0.36,$0.36,$0.32,$0.32,"$234,337,648","$2,536,865,501"
"Apr 02, 2021",$0.35,$0.36,$0.34,$0.36,"$231,323,547","$2,885,474,870"
"Apr 01, 2021",$0.37,$0.37,$0.35,$0.35,"$261,938,223","$2,797,268,348"
"Mar 31, 2021",$0.39,$0.39,$0.35,$0.37,"$340,102,935","$2,858,428,915"
"Mar 30, 2021",$0.38,$0.42,$0.37,$0.39,"$474,163,043","$3,061,851,662"
"Mar 29, 2021",$0.34,$0.45,$0.34,$0.38,"$835,014,484","$2,915,903,200"
"Mar 28, 2021",$0.34,$0.35,$0.33,$0.34,"$141,996,603","$2,643,710,798"
"Mar 27, 2021",$0.35,$0.36,$0.33,$0.34,"$188,898,821","$2,640,742,326"
"Mar 26, 2021",$0.31,$0.35,$0.31,$0.35,"$178,719,317","$2,685,834,224"
"Mar 25, 2021",$0.30,$0.32,$0.29,$0.31,"$190,282,258","$2,371,201,631"
"Mar 24, 2021",$0.33,$0.34,$0.30,$0.31,"$222,694,462","$2,356,984,568"
"Mar 23, 2021",$0.32,$0.34,$0.30,$0.33,"$234,800,289","$2,516,977,607"
"Mar 22, 2021",$0.34,$0.36,$0.31,$0.32,"$260,180,183","$2,400,110,472"
"Mar 21, 2021",$0.32,$0.36,$0.31,$0.34,"$261,376,909","$2,597,090,587"
"Mar 20, 2021",$0.35,$0.35,$0.32,$0.32,"$212,419,024","$2,411,138,951"
"Mar 19, 2021",$0.35,$0.36,$0.34,$0.35,"$211,514,005","$2,624,219,624"
"Mar 18, 2021",$0.36,$0.37,$0.34,$0.35,"$299,562,770","$2,626,703,422"
"Mar 17, 2021",$0.34,$0.38,$0.30,$0.36,"$694,644,477","$2,735,280,018"
"Mar 16, 2021",$0.40,$0.41,$0.33,$0.34,"$480,722,882","$2,577,467,208"
"Mar 15, 2021",$0.37,$0.45,$0.36,$0.40,"$1,081,032,744","$3,032,717,473"
"Mar 14, 2021",$0.28,$0.39,$0.28,$0.37,"$1,146,569,065","$2,764,484,322"
"Mar 13, 2021",$0.27,$0.28,$0.26,$0.28,"$228,434,420","$2,080,105,786"
"Mar 12, 2021",$0.27,$0.28,$0.25,$0.27,"$320,295,839","$2,035,532,012"
"Mar 11, 2021",$0.22,$0.28,$0.21,$0.27,"$571,376,576","$2,022,043,094"
"Mar 10, 2021",$0.21,$0.24,$0.19,$0.22,"$339,235,185","$1,655,077,175"
"Mar 09, 2021",$0.17,$0.21,$0.17,$0.21,"$402,968,960","$1,581,119,030"
"Mar 08, 2021",$0.15,$0.18,$0.15,$0.17,"$285,762,965","$1,310,491,489"
"Mar 07, 2021",$0.14,$0.16,$0.14,$0.15,"$98,301,602","$1,147,104,774"
"Mar 06, 2021",$0.15,$0.15,$0.14,$0.14,"$83,132,904","$1,089,134,909"
"Mar 05, 2021",$0.16,$0.16,$0.14,$0.15,"$141,889,826","$1,120,383,049"
"Mar 04, 2021",$0.13,$0.18,$0.13,$0.16,"$580,978,259","$1,211,821,419"
"Mar 03, 2021",$0.12,$0.13,$0.12,$0.13,"$76,896,267","$966,413,916"
"Mar 02, 2021",$0.13,$0.13,$0.12,$0.12,"$62,712,586","$928,175,686"
"Mar 01, 2021",$0.12,$0.13,$0.11,$0.13,"$157,728,927","$933,519,250"
"Feb 28, 2021",$0.12,$0.12,$0.10,$0.12,"$75,841,760","$848,228,780"
"Feb 27, 2021",$0.12,$0.12,$0.12,$0.12,"$44,979,732","$872,103,221"
"Feb 26, 2021",$0.12,$0.12,$0.11,$0.12,"$81,062,296","$866,854,711"
"Feb 25, 2021",$0.13,$0.14,$0.12,$0.12,"$145,776,005","$862,507,002"
"Feb 24, 2021",$0.12,$0.14,$0.11,$0.13,"$173,896,554","$947,616,924"
"Feb 23, 2021",$0.14,$0.14,$0.09,$0.12,"$164,181,994","$874,074,648"
"Feb 22, 2021",$0.15,$0.15,$0.12,$0.14,"$138,704,704","$988,574,878"
"Feb 21, 2021",$0.14,$0.15,$0.14,$0.15,"$101,773,722","$1,056,140,581"
"Feb 20, 2021",$0.15,$0.15,$0.14,$0.14,"$120,337,508","$1,020,877,907"
"Feb 19, 2021",$0.15,$0.16,$0.14,$0.15,"$107,577,793","$1,096,918,744"
"Feb 18, 2021",$0.14,$0.15,$0.14,$0.15,"$85,393,688","$1,066,644,820"
"Feb 17, 2021",$0.14,$0.14,$0.13,$0.14,"$91,072,848","$992,356,075"
"Feb 16, 2021",$0.14,$0.15,$0.13,$0.14,"$112,210,337","$980,216,976"
"Feb 15, 2021",$0.13,$0.15,$0.11,$0.14,"$177,854,250","$1,027,309,203"
"Feb 14, 2021",$0.14,$0.14,$0.12,$0.13,"$80,281,284","$906,543,393"
"Feb 13, 2021",$0.14,$0.15,$0.13,$0.14,"$132,106,702","$982,747,425"
"Feb 12, 2021",$0.13,$0.14,$0.13,$0.14,"$140,348,898","$979,836,514"
"Feb 11, 2021",$0.11,$0.14,$0.10,$0.13,"$292,001,191","$956,501,579"
"Feb 10, 2021",$0.10,$0.12,$0.10,$0.11,"$108,611,966","$768,422,732"
"Feb 09, 2021",$0.10,$0.11,$0.10,$0.10,"$111,436,409","$743,291,255"
"Feb 08, 2021",$0.10,$0.10,$0.09,$0.10,"$67,979,290","$710,058,865"
"Feb 07, 2021",$0.10,$0.10,$0.09,$0.10,"$85,797,497","$687,653,242"
"Feb 06, 2021",$0.10,$0.11,$0.10,$0.10,"$132,641,741","$728,470,728"
"Feb 05, 2021",$0.09,$0.10,$0.09,$0.10,"$79,447,079","$695,455,587"
"Feb 04, 2021",$0.09,$0.10,$0.09,$0.09,"$72,781,380","$640,134,755"
"Feb 03, 2021",$0.09,$0.10,$0.09,$0.09,"$88,736,896","$675,742,481"
"Feb 02, 2021",$0.09,$0.10,$0.08,$0.09,"$133,753,648","$656,429,373"
"Feb 01, 2021",$0.08,$0.09,$0.08,$0.09,"$98,183,204","$624,038,651"
"Jan 31, 2021",$0.08,$0.09,$0.08,$0.08,"$104,353,170","$570,168,636"
"Jan 30, 2021",$0.09,$0.09,$0.08,$0.08,"$69,709,514","$561,513,472"
"Jan 29, 2021",$0.09,$0.10,$0.09,$0.09,"$91,914,204","$603,129,296"
"Jan 28, 2021",$0.08,$0.09,$0.08,$0.09,"$125,634,253","$637,713,466"
"Jan 27, 2021",$0.09,$0.09,$0.08,$0.08,"$62,458,671","$558,018,406"
"Jan 26, 2021",$0.09,$0.10,$0.09,$0.09,"$79,453,877","$628,501,068"
"Jan 25, 2021",$0.09,$0.10,$0.09,$0.09,"$73,796,427","$636,714,491"
"Jan 24, 2021",$0.10,$0.10,$0.09,$0.09,"$65,922,530","$651,673,309"
"Jan 23, 2021",$0.10,$0.10,$0.09,$0.10,"$118,848,552","$669,256,720"
"Jan 22, 2021",$0.10,$0.10,$0.08,$0.10,"$258,477,617","$655,163,865"
"Jan 21, 2021",$0.10,$0.12,$0.09,$0.10,"$451,822,610","$653,313,223"
"Jan 20, 2021",$0.07,$0.11,$0.07,$0.10,"$756,886,924","$689,586,063"
"Jan 19, 2021",$0.06,$0.07,$0.06,$0.07,"$85,399,830","$478,091,336"
"Jan 18, 2021",$0.06,$0.06,$0.06,$0.06,"$55,264,915","$436,759,657"
"Jan 17, 2021",$0.06,$0.07,$0.05,$0.06,"$82,187,892","$415,457,215"
"Jan 16, 2021",$0.06,$0.06,$0.05,$0.06,"$94,338,176","$404,441,693"
"Jan 15, 2021",$0.06,$0.06,$0.05,$0.06,"$46,149,322","$373,409,645"
"Jan 14, 2021",$0.05,$0.06,$0.05,$0.06,"$79,857,799","$386,404,040"
"Jan 13, 2021",$0.05,$0.05,$0.04,$0.05,"$58,889,592","$359,530,635"
"Jan 12, 2021",$0.04,$0.05,$0.04,$0.05,"$45,687,380","$319,119,204"
"Jan 11, 2021",$0.05,$0.05,$0.04,$0.04,"$43,259,062","$293,882,854"
"Jan 10, 2021",$0.05,$0.05,$0.04,$0.05,"$65,677,647","$336,690,862"
"Jan 09, 2021",$0.06,$0.06,$0.05,$0.05,"$111,490,266","$350,102,302"
"Jan 08, 2021",$0.04,$0.07,$0.04,$0.06,"$220,168,989","$415,317,774"
"Jan 07, 2021",$0.04,$0.04,$0.04,$0.04,"$49,098,510","$262,514,541"
"Jan 06, 2021",$0.04,$0.04,$0.04,$0.04,"$51,598,155","$261,663,470"
"Jan 05, 2021",$0.03,$0.04,$0.03,$0.04,"$65,214,329","$255,085,477"
"Jan 04, 2021",$0.03,$0.03,$0.03,$0.03,"$13,435,510","$219,110,064"
"Jan 03, 2021",$0.03,$0.03,$0.03,$0.03,"$10,157,190","$223,439,067"
"Jan 02, 2021",$0.03,$0.03,$0.03,$0.03,"$9,287,951","$224,738,993"
"Jan 01, 2021",$0.03,$0.03,$0.03,$0.03,"$8,835,535","$222,601,630"
"Dec 31, 2020",$0.03,$0.03,$0.03,$0.03,"$5,533,599","$210,182,003"
"Dec 30, 2020",$0.03,$0.03,$0.03,$0.03,"$9,807,019","$215,508,979"
"Dec 29, 2020",$0.03,$0.03,$0.03,$0.03,"$10,173,161","$215,907,243"
"Dec 28, 2020",$0.03,$0.04,$0.03,$0.03,"$14,318,802","$222,728,053"
"Dec 27, 2020",$0.03,$0.03,$0.03,$0.03,"$11,252,722","$210,073,960"
"Dec 26, 2020",$0.03,$0.03,$0.03,$0.03,"$8,280,514","$213,943,193"
"Dec 25, 2020",$0.03,$0.03,$0.03,$0.03,"$9,107,769","$213,591,664"
"Dec 24, 2020",$0.03,$0.03,$0.03,$0.03,"$10,707,570","$217,791,646"
"Dec 23, 2020",$0.04,$0.04,$0.03,$0.03,"$16,199,062","$201,639,473"
"Dec 22, 2020",$0.04,$0.04,$0.04,$0.04,"$18,713,594","$238,708,574"
"Dec 21, 2020",$0.04,$0.04,$0.03,$0.04,"$23,206,573","$236,956,012"
"Dec 20, 2020",$0.04,$0.04,$0.04,$0.04,"$16,999,688","$237,765,461"
"Dec 19, 2020",$0.04,$0.04,$0.04,$0.04,"$14,857,930","$230,150,803"
"Dec 18, 2020",$0.03,$0.04,$0.03,$0.04,"$10,961,968","$227,591,996"
"Dec 17, 2020",$0.04,$0.04,$0.03,$0.03,"$13,124,543","$222,919,897"
"Dec 16, 2020",$0.03,$0.04,$0.03,$0.04,"$8,761,109","$225,186,152"
"Dec 15, 2020",$0.03,$0.03,$0.03,$0.03,"$4,374,226","$220,931,302"
"Dec 14, 2020",$0.03,$0.04,$0.03,$0.03,"$3,636,705","$220,614,013"
"Dec 13, 2020",$0.03,$0.04,$0.03,$0.03,"$4,211,159","$223,327,232"
"Dec 12, 2020",$0.03,$0.04,$0.03,$0.03,"$5,039,655","$222,003,377"
"Dec 11, 2020",$0.04,$0.04,$0.03,$0.03,"$6,781,051","$213,022,112"
"Dec 10, 2020",$0.04,$0.04,$0.03,$0.04,"$6,532,249","$228,142,012"
"Dec 09, 2020",$0.04,$0.04,$0.03,$0.04,"$8,403,648","$233,808,243"
"Dec 08, 2020",$0.04,$0.04,$0.04,$0.04,"$8,221,501","$232,125,587"
"Dec 07, 2020",$0.04,$0.04,$0.04,$0.04,"$16,400,488","$252,264,104"
"Dec 06, 2020",$0.04,$0.04,$0.04,$0.04,"$4,241,084","$235,371,344"
"Dec 05, 2020",$0.04,$0.04,$0.04,$0.04,"$6,978,520","$237,291,911"
"Dec 04, 2020",$0.04,$0.04,$0.04,$0.04,"$8,623,375","$227,541,162"
"Dec 03, 2020",$0.04,$0.04,$0.04,$0.04,"$18,921,385","$249,060,728"
"Dec 02, 2020",$0.03,$0.04,$0.03,$0.04,"$26,352,037","$241,911,626"
"Dec 01, 2020",$0.03,$0.04,$0.03,$0.03,"$13,803,065","$219,275,368"
"Nov 30, 2020",$0.03,$0.03,$0.03,$0.03,"$11,007,942","$214,183,091"
"Nov 29, 2020",$0.03,$0.03,$0.03,$0.03,"$7,885,297","$209,667,550"
"Nov 28, 2020",$0.03,$0.03,$0.03,$0.03,"$8,526,562","$210,890,257"
"Nov 27, 2020",$0.03,$0.03,$0.03,$0.03,"$15,051,973","$206,747,673"
"Nov 26, 2020",$0.04,$0.04,$0.03,$0.03,"$25,549,840","$203,379,239"
"Nov 25, 2020",$0.04,$0.04,$0.04,$0.04,"$38,321,831","$225,330,657"
"Nov 24, 2020",$0.03,$0.04,$0.03,$0.04,"$39,708,981","$226,088,799"
"Nov 23, 2020",$0.03,$0.03,$0.03,$0.03,"$24,957,438","$217,419,274"
"Nov 22, 2020",$0.03,$0.03,$0.03,$0.03,"$20,127,995","$204,058,727"
"Nov 21, 2020",$0.03,$0.03,$0.03,$0.03,"$19,776,442","$199,095,577"
"Nov 20, 2020",$0.03,$0.03,$0.03,$0.03,"$11,808,887","$196,953,806"
"Nov 19, 2020",$0.03,$0.03,$0.03,$0.03,"$13,520,670","$182,909,973"
"Nov 18, 2020",$0.03,$0.03,$0.03,$0.03,"$17,382,731","$183,768,759"
"Nov 17, 2020",$0.03,$0.03,$0.03,$0.03,"$14,207,988","$188,020,020"
"Nov 16, 2020",$0.03,$0.03,$0.03,$0.03,"$9,529,851","$190,918,879"
"Nov 15, 2020",$0.03,$0.03,$0.03,$0.03,"$8,987,159","$188,072,729"
"Nov 14, 2020",$0.03,$0.03,$0.03,$0.03,"$13,938,066","$191,743,642"
"Nov 13, 2020",$0.03,$0.03,$0.03,$0.03,"$9,047,986","$194,098,195"
"Nov 12, 2020",$0.03,$0.03,$0.03,$0.03,"$10,458,880","$187,024,460"
"Nov 11, 2020",$0.03,$0.03,$0.03,$0.03,"$25,827,424","$197,904,172"
"Nov 10, 2020",$0.03,$0.03,$0.03,$0.03,"$12,326,315","$188,746,673"
"Nov 09, 2020",$0.03,$0.03,$0.03,$0.03,"$8,572,296","$184,454,394"
"Nov 08, 2020",$0.03,$0.03,$0.03,$0.03,"$5,995,044","$181,854,715"
"Nov 07, 2020",$0.03,$0.03,$0.03,$0.03,"$11,510,426","$179,187,668"
"Nov 06, 2020",$0.03,$0.03,$0.03,$0.03,"$10,201,029","$187,876,307"
"Nov 05, 2020",$0.03,$0.03,$0.03,$0.03,"$15,962,235","$177,629,736"
"Nov 04, 2020",$0.03,$0.03,$0.03,$0.03,"$17,755,408","$171,467,196"
"Nov 03, 2020",$0.03,$0.03,$0.03,$0.03,"$21,033,975","$171,265,725"
"Nov 02, 2020",$0.03,$0.03,$0.03,$0.03,"$27,204,660","$178,315,749"
"Nov 01, 2020",$0.03,$0.03,$0.03,$0.03,"$13,124,460","$176,073,570"
"Oct 31, 2020",$0.03,$0.03,$0.03,$0.03,"$11,888,153","$169,605,707"
"Oct 30, 2020",$0.03,$0.03,$0.03,$0.03,"$18,840,188","$170,375,158"
"Oct 29, 2020",$0.03,$0.03,$0.03,$0.03,"$26,596,358","$170,972,335"
"Oct 28, 2020",$0.03,$0.03,$0.03,$0.03,"$21,819,445","$174,318,014"
"Oct 27, 2020",$0.03,$0.03,$0.03,$0.03,"$29,036,615","$179,817,459"
"Oct 26, 2020",$0.03,$0.03,$0.03,$0.03,"$32,357,010","$178,362,305"
"Oct 25, 2020",$0.03,$0.03,$0.03,$0.03,"$26,972,187","$185,815,576"
"Oct 24, 2020",$0.03,$0.03,$0.03,$0.03,"$39,045,814","$187,276,269"
"Oct 23, 2020",$0.03,$0.03,$0.03,$0.03,"$35,352,432","$188,838,020"
"Oct 22, 2020",$0.03,$0.03,$0.03,$0.03,"$27,805,194","$181,818,875"
"Oct 21, 2020",$0.03,$0.03,$0.03,$0.03,"$25,308,584","$175,976,836"
"Oct 20, 2020",$0.03,$0.03,$0.03,$0.03,"$22,626,390","$170,282,463"
"Oct 19, 2020",$0.03,$0.03,$0.03,$0.03,"$22,321,142","$184,071,102"
"Oct 18, 2020",$0.03,$0.03,$0.03,$0.03,"$18,627,242","$184,363,139"
"Oct 17, 2020",$0.03,$0.03,$0.03,$0.03,"$20,418,229","$182,833,992"
"Oct 16, 2020",$0.03,$0.03,$0.03,$0.03,"$23,698,301","$180,354,609"
"Oct 15, 2020",$0.03,$0.03,$0.03,$0.03,"$24,308,339","$188,229,196"
"Oct 14, 2020",$0.03,$0.03,$0.03,$0.03,"$24,451,406","$192,909,682"
"Oct 13, 2020",$0.03,$0.04,$0.03,$0.03,"$28,431,963","$190,549,699"
"Oct 12, 2020",$0.03,$0.03,$0.03,$0.03,"$33,572,448","$190,854,932"
"Oct 11, 2020",$0.03,$0.03,$0.03,$0.03,"$49,922,145","$190,140,949"
"Oct 10, 2020",$0.03,$0.04,$0.03,$0.03,"$58,125,891","$191,962,779"
"Oct 09, 2020",$0.03,$0.04,$0.03,$0.03,"$83,217,575","$192,386,331"
"Oct 08, 2020",$0.03,$0.03,$0.03,$0.03,"$41,783,910","$177,823,555"
"Oct 07, 2020",$0.03,$0.03,$0.03,$0.03,"$12,498,769","$168,461,116"
"Oct 06, 2020",$0.03,$0.03,$0.03,$0.03,"$29,261,950","$166,633,725"
"Oct 05, 2020",$0.03,$0.03,$0.03,$0.03,"$21,545,969","$171,602,126"
"Oct 04, 2020",$0.03,$0.03,$0.03,$0.03,"$18,404,338","$171,013,290"
"Oct 03, 2020",$0.03,$0.03,$0.03,$0.03,"$12,833,052","$171,926,378"
"Oct 02, 2020",$0.03,$0.03,$0.03,$0.03,"$37,938,167","$166,630,763"
"Oct 01, 2020",$0.03,$0.03,$0.03,$0.03,"$33,212,886","$169,438,718"
"Sep 30, 2020",$0.03,$0.03,$0.03,$0.03,"$12,433,118","$173,275,067"
"Sep 29, 2020",$0.03,$0.03,$0.03,$0.03,"$13,518,343","$173,507,034"
"Sep 28, 2020",$0.03,$0.03,$0.03,$0.03,"$13,503,336","$177,378,962"
"Sep 27, 2020",$0.03,$0.03,$0.03,$0.03,"$8,973,370","$173,270,335"
"Sep 26, 2020",$0.03,$0.03,$0.03,$0.03,"$10,502,446","$178,128,461"
"Sep 25, 2020",$0.03,$0.03,$0.03,$0.03,"$14,610,294","$176,980,614"
"Sep 24, 2020",$0.03,$0.03,$0.03,$0.03,"$14,856,768","$175,149,307"
"Sep 23, 2020",$0.03,$0.03,$0.03,$0.03,"$15,574,054","$166,507,454"
"Sep 22, 2020",$0.03,$0.03,$0.03,$0.03,"$15,650,302","$167,156,229"
"Sep 21, 2020",$0.03,$0.03,$0.03,$0.03,"$16,354,449","$169,150,919"
"Sep 20, 2020",$0.03,$0.03,$0.03,$0.03,"$9,998,868","$177,848,326"
"Sep 19, 2020",$0.03,$0.03,$0.03,$0.03,"$5,127,586","$182,686,217"
"Sep 18, 2020",$0.03,$0.04,$0.03,$0.03,"$12,468,633","$183,413,014"
"Sep 17, 2020",$0.04,$0.04,$0.03,$0.03,"$13,219,848","$183,285,464"
"Sep 16, 2020",$0.04,$0.04,$0.03,$0.04,"$6,951,665","$191,342,181"
"Sep 15, 2020",$0.04,$0.04,$0.04,$0.04,"$5,239,047","$189,552,688"
"Sep 14, 2020",$0.04,$0.04,$0.04,$0.04,"$5,334,421","$196,396,599"
"Sep 13, 2020",$0.04,$0.04,$0.04,$0.04,"$6,165,148","$193,595,431"
"Sep 12, 2020",$0.04,$0.04,$0.04,$0.04,"$5,231,876","$203,013,328"
"Sep 11, 2020",$0.04,$0.04,$0.04,$0.04,"$7,210,572","$200,477,888"
"Sep 10, 2020",$0.04,$0.04,$0.04,$0.04,"$11,596,490","$202,859,029"
"Sep 09, 2020",$0.04,$0.04,$0.04,$0.04,"$7,269,601","$195,123,960"
"Sep 08, 2020",$0.04,$0.04,$0.04,$0.04,"$13,549,933","$190,825,182"
"Sep 07, 2020",$0.04,$0.04,$0.03,$0.04,"$9,960,960","$193,660,739"
"Sep 06, 2020",$0.04,$0.04,$0.04,$0.04,"$9,315,239","$193,977,255"
"Sep 05, 2020",$0.04,$0.04,$0.04,$0.04,"$22,242,156","$191,610,483"
"Sep 04, 2020",$0.04,$0.04,$0.04,$0.04,"$27,400,525","$207,439,741"
"Sep 03, 2020",$0.04,$0.04,$0.04,$0.04,"$31,417,880","$208,821,942"
"Sep 02, 2020",$0.05,$0.05,$0.04,$0.04,"$17,479,038","$225,903,216"
"Sep 01, 2020",$0.05,$0.05,$0.05,$0.05,"$20,416,918","$241,135,738"
"Aug 31, 2020",$0.05,$0.05,$0.05,$0.05,"$22,603,994","$239,016,519"
"Aug 30, 2020",$0.05,$0.05,$0.05,$0.05,"$17,846,906","$245,015,474"
"Aug 29, 2020",$0.04,$0.05,$0.04,$0.05,"$30,743,579","$237,281,707"
"Aug 28, 2020",$0.04,$0.04,$0.04,$0.04,"$17,887,819","$232,480,796"
"Aug 27, 2020",$0.05,$0.05,$0.04,$0.04,"$25,199,469","$229,508,175"
"Aug 26, 2020",$0.05,$0.05,$0.05,$0.05,"$32,871,830","$241,152,677"
"Aug 25, 2020",$0.05,$0.05,$0.05,$0.05,"$38,357,724","$244,158,974"
"Aug 24, 2020",$0.05,$0.05,$0.05,$0.05,"$27,809,070","$256,884,144"
"Aug 23, 2020",$0.05,$0.05,$0.05,$0.05,"$21,843,159","$254,448,637"
"Aug 22, 2020",$0.05,$0.05,$0.05,$0.05,"$28,101,927","$251,136,989"
"Aug 21, 2020",$0.05,$0.05,$0.05,$0.05,"$33,938,346","$248,458,666"
"Aug 20, 2020",$0.05,$0.05,$0.05,$0.05,"$31,021,050","$260,429,066"
"Aug 19, 2020",$0.05,$0.05,$0.05,$0.05,"$33,417,163","$252,855,737"
"Aug 18, 2020",$0.06,$0.06,$0.05,$0.05,"$50,474,936","$268,353,113"
"Aug 17, 2020",$0.05,$0.06,$0.05,$0.06,"$50,067,231","$277,877,766"
"Aug 16, 2020",$0.05,$0.05,$0.05,$0.05,"$30,130,152","$267,510,672"
"Aug 15, 2020",$0.05,$0.05,$0.05,$0.05,"$40,544,475","$264,503,887"
"Aug 14, 2020",$0.05,$0.05,$0.05,$0.05,"$70,629,968","$271,600,386"
"Aug 13, 2020",$0.05,$0.05,$0.05,$0.05,"$46,627,101","$257,890,648"
"Aug 12, 2020",$0.05,$0.05,$0.05,$0.05,"$61,900,277","$261,359,589"
"Aug 11, 2020",$0.05,$0.06,$0.05,$0.05,"$122,111,452","$258,570,159"
"Aug 10, 2020",$0.04,$0.05,$0.04,$0.05,"$77,210,315","$265,416,928"
"Aug 09, 2020",$0.04,$0.05,$0.04,$0.04,"$14,346,063","$226,348,301"
"Aug 08, 2020",$0.04,$0.04,$0.04,$0.04,"$12,245,046","$225,085,204"
"Aug 07, 2020",$0.04,$0.05,$0.04,$0.04,"$26,486,525","$218,366,245"
"Aug 06, 2020",$0.04,$0.04,$0.04,$0.04,"$23,995,615","$222,369,537"
"Aug 05, 2020",$0.04,$0.04,$0.04,$0.04,"$16,886,568","$218,777,881"
"Aug 04, 2020",$0.04,$0.04,$0.04,$0.04,"$18,893,787","$216,656,866"
"Aug 03, 2020",$0.04,$0.04,$0.04,$0.04,"$23,243,070","$221,553,631"
"Aug 02, 2020",$0.05,$0.05,$0.04,$0.04,"$30,115,624","$216,628,660"
"Aug 01, 2020",$0.04,$0.05,$0.04,$0.05,"$29,388,392","$227,905,609"
"Jul 31, 2020",$0.04,$0.04,$0.04,$0.04,"$31,514,108","$218,916,539"
"Jul 30, 2020",$0.04,$0.04,$0.04,$0.04,"$26,038,712","$210,253,531"
"Jul 29, 2020",$0.04,$0.04,$0.04,$0.04,"$28,463,560","$215,492,890"
"Jul 28, 2020",$0.04,$0.04,$0.04,$0.04,"$16,315,861","$209,803,928"
"Jul 27, 2020",$0.04,$0.04,$0.04,$0.04,"$13,712,255","$197,727,997"
"Jul 26, 2020",$0.04,$0.04,$0.04,$0.04,"$10,039,632","$202,717,800"
"Jul 25, 2020",$0.04,$0.04,$0.04,$0.04,"$5,967,345","$211,995,877"
"Jul 24, 2020",$0.04,$0.04,$0.04,$0.04,"$8,675,297","$211,616,257"
"Jul 23, 2020",$0.04,$0.04,$0.04,$0.04,"$14,415,812","$208,860,530"
"Jul 22, 2020",$0.04,$0.04,$0.04,$0.04,"$11,693,958","$201,239,377"
"Jul 21, 2020",$0.04,$0.04,$0.04,$0.04,"$10,035,237","$197,809,921"
"Jul 20, 2020",$0.04,$0.04,$0.04,$0.04,"$9,639,373","$194,046,144"
"Jul 19, 2020",$0.04,$0.04,$0.04,$0.04,"$4,652,830","$190,796,294"
"Jul 18, 2020",$0.04,$0.04,$0.04,$0.04,"$3,997,485","$190,436,417"
"Jul 17, 2020",$0.04,$0.04,$0.04,$0.04,"$4,799,750","$188,014,645"
"Jul 16, 2020",$0.04,$0.04,$0.04,$0.04,"$8,061,721","$185,176,961"
"Jul 15, 2020",$0.04,$0.04,$0.04,$0.04,"$6,716,932","$192,784,323"
"Jul 14, 2020",$0.04,$0.04,$0.04,$0.04,"$7,663,466","$193,408,396"
"Jul 13, 2020",$0.04,$0.04,$0.04,$0.04,"$13,210,114","$195,933,764"
"Jul 12, 2020",$0.04,$0.04,$0.04,$0.04,"$10,990,211","$202,562,537"
"Jul 11, 2020",$0.04,$0.04,$0.04,$0.04,"$6,589,684","$196,912,170"
"Jul 10, 2020",$0.04,$0.04,$0.04,$0.04,"$8,050,414","$195,940,644"
"Jul 09, 2020",$0.04,$0.04,$0.04,$0.04,"$10,232,260","$193,938,248"
"Jul 08, 2020",$0.04,$0.04,$0.04,$0.04,"$7,889,972","$198,914,401"
"Jul 07, 2020",$0.04,$0.04,$0.04,$0.04,"$7,485,929","$192,749,133"
"Jul 06, 2020",$0.04,$0.04,$0.04,$0.04,"$8,364,219","$191,223,030"
"Jul 05, 2020",$0.04,$0.04,$0.04,$0.04,"$7,544,986","$187,813,616"
"Jul 04, 2020",$0.04,$0.04,$0.04,$0.04,"$9,112,617","$195,555,915"
"Jul 03, 2020",$0.04,$0.04,$0.04,$0.04,"$8,163,859","$188,862,098"
"Jul 02, 2020",$0.04,$0.04,$0.04,$0.04,"$4,548,918","$181,825,238"
"Jul 01, 2020",$0.04,$0.04,$0.04,$0.04,"$5,378,375","$184,355,292"
"Jun 30, 2020",$0.04,$0.04,$0.04,$0.04,"$5,286,685","$179,962,816"
"Jun 29, 2020",$0.04,$0.04,$0.04,$0.04,"$4,638,098","$180,132,809"
"Jun 28, 2020",$0.04,$0.04,$0.04,$0.04,"$9,251,851","$179,241,888"
"Jun 27, 2020",$0.04,$0.04,$0.04,$0.04,"$6,427,012","$175,532,712"
"Jun 26, 2020",$0.04,$0.04,$0.04,$0.04,"$8,220,582","$184,463,003"
"Jun 25, 2020",$0.04,$0.04,$0.04,$0.04,"$6,714,655","$190,709,870"
"Jun 24, 2020",$0.04,$0.04,$0.04,$0.04,"$6,426,755","$194,764,243"
"Jun 23, 2020",$0.04,$0.04,$0.04,$0.04,"$10,121,065","$197,208,238"
"Jun 22, 2020",$0.04,$0.04,$0.04,$0.04,"$7,163,311","$197,161,060"
"Jun 21, 2020",$0.04,$0.04,$0.04,$0.04,"$4,964,468","$196,155,046"
"Jun 20, 2020",$0.04,$0.04,$0.04,$0.04,"$7,790,969","$197,336,809"
"Jun 19, 2020",$0.05,$0.05,$0.04,$0.04,"$11,911,505","$198,436,709"
"Jun 18, 2020",$0.04,$0.05,$0.04,$0.05,"$42,328,925","$205,323,544"
"Jun 17, 2020",$0.04,$0.04,$0.04,$0.04,"$8,347,255","$192,093,429"
"Jun 16, 2020",$0.04,$0.04,$0.04,$0.04,"$8,529,278","$186,503,264"
"Jun 15, 2020",$0.04,$0.04,$0.04,$0.04,"$7,812,899","$183,140,755"
"Jun 14, 2020",$0.04,$0.04,$0.04,$0.04,"$5,999,144","$184,331,621"
"Jun 13, 2020",$0.04,$0.04,$0.04,$0.04,"$6,215,160","$190,356,069"
"Jun 12, 2020",$0.04,$0.04,$0.04,$0.04,"$9,420,263","$189,619,134"
"Jun 11, 2020",$0.05,$0.05,$0.04,$0.04,"$11,096,303","$180,170,572"
"Jun 10, 2020",$0.04,$0.05,$0.04,$0.05,"$7,273,095","$202,621,804"
"Jun 09, 2020",$0.04,$0.04,$0.04,$0.04,"$5,235,943","$195,690,989"
"Jun 08, 2020",$0.04,$0.04,$0.04,$0.04,"$4,776,957","$197,779,030"
"Jun 07, 2020",$0.04,$0.04,$0.04,$0.04,"$6,843,734","$197,303,717"
"Jun 06, 2020",$0.04,$0.04,$0.04,$0.04,"$5,785,877","$197,651,371"
"Jun 05, 2020",$0.04,$0.05,$0.04,$0.04,"$8,122,077","$198,564,674"
"Jun 04, 2020",$0.04,$0.05,$0.04,$0.04,"$13,219,081","$201,724,247"
"Jun 03, 2020",$0.04,$0.04,$0.04,$0.04,"$13,874,175","$194,097,968"
"Jun 02, 2020",$0.04,$0.04,$0.04,$0.04,"$16,272,185","$191,195,147"
"Jun 01, 2020",$0.04,$0.05,$0.04,$0.04,"$17,655,305","$195,657,202"
"May 31, 2020",$0.05,$0.05,$0.04,$0.04,"$14,895,077","$192,283,319"
"May 30, 2020",$0.05,$0.05,$0.04,$0.05,"$10,971,524","$201,796,692"
"May 29, 2020",$0.05,$0.05,$0.04,$0.05,"$22,228,748","$199,001,868"
"May 28, 2020",$0.05,$0.05,$0.04,$0.05,"$43,301,776","$198,545,888"
"May 27, 2020",$0.04,$0.05,$0.04,$0.05,"$44,083,120","$214,777,847"
"May 26, 2020",$0.04,$0.05,$0.04,$0.04,"$64,109,881","$197,296,694"
"May 25, 2020",$0.04,$0.04,$0.04,$0.04,"$18,555,871","$174,013,584"
"May 24, 2020",$0.04,$0.04,$0.04,$0.04,"$15,232,692","$164,984,960"
"May 23, 2020",$0.04,$0.04,$0.04,$0.04,"$11,928,846","$163,045,789"
"May 22, 2020",$0.04,$0.04,$0.04,$0.04,"$13,915,632","$155,609,260"
"May 21, 2020",$0.04,$0.04,$0.04,$0.04,"$8,787,325","$149,057,658"
"May 20, 2020",$0.04,$0.04,$0.04,$0.04,"$18,341,410","$158,233,344"
"May 19, 2020",$0.04,$0.04,$0.04,$0.04,"$8,302,627","$148,922,414"
"May 18, 2020",$0.04,$0.04,$0.04,$0.04,"$8,501,192","$149,670,286"
"May 17, 2020",$0.04,$0.04,$0.04,$0.04,"$5,193,328","$148,683,604"
"May 16, 2020",$0.04,$0.04,$0.04,$0.04,"$6,608,863","$146,402,791"
"May 15, 2020",$0.04,$0.04,$0.04,$0.04,"$10,246,972","$146,350,168"
"May 14, 2020",$0.04,$0.04,$0.03,$0.04,"$11,979,089","$153,544,762"
"May 13, 2020",$0.04,$0.04,$0.03,$0.04,"$8,364,837","$144,415,160"
"May 12, 2020",$0.03,$0.04,$0.03,$0.04,"$8,921,366","$144,413,905"
"May 11, 2020",$0.03,$0.04,$0.03,$0.03,"$10,147,844","$137,579,437"
"May 10, 2020",$0.04,$0.04,$0.03,$0.03,"$9,833,510","$140,116,624"
"May 09, 2020",$0.04,$0.04,$0.04,$0.04,"$8,219,546","$159,656,306"
"May 08, 2020",$0.04,$0.04,$0.04,$0.04,"$10,567,343","$161,113,538"
"May 07, 2020",$0.04,$0.04,$0.04,$0.04,"$10,545,781","$161,534,567"
"May 06, 2020",$0.04,$0.04,$0.04,$0.04,"$11,060,070","$159,064,574"
"May 05, 2020",$0.04,$0.04,$0.04,$0.04,"$15,575,424","$162,824,927"
"May 04, 2020",$0.04,$0.04,$0.04,$0.04,"$24,027,741","$170,348,819"
"May 03, 2020",$0.04,$0.04,$0.04,$0.04,"$17,983,791","$160,404,421"
"May 02, 2020",$0.04,$0.05,$0.04,$0.04,"$39,335,849","$178,955,294"
"May 01, 2020",$0.04,$0.04,$0.04,$0.04,"$43,110,642","$172,445,803"
"Apr 30, 2020",$0.04,$0.04,$0.03,$0.04,"$11,729,458","$140,898,353"
"Apr 29, 2020",$0.03,$0.04,$0.03,$0.04,"$10,241,163","$140,503,027"
"Apr 28, 2020",$0.03,$0.03,$0.03,$0.03,"$5,889,862","$134,862,679"
"Apr 27, 2020",$0.03,$0.03,$0.03,$0.03,"$7,191,763","$135,481,863"
"Apr 26, 2020",$0.03,$0.03,$0.03,$0.03,"$6,652,966","$135,959,778"
"Apr 25, 2020",$0.03,$0.03,$0.03,$0.03,"$5,102,508","$132,261,236"
"Apr 24, 2020",$0.03,$0.03,$0.03,$0.03,"$6,445,850","$131,690,727"
"Apr 23, 2020",$0.03,$0.03,$0.03,$0.03,"$8,035,338","$129,512,728"
"Apr 22, 2020",$0.03,$0.03,$0.03,$0.03,"$6,642,867","$127,436,033"
"Apr 21, 2020",$0.03,$0.03,$0.03,$0.03,"$4,622,348","$121,866,090"
"Apr 20, 2020",$0.03,$0.03,$0.03,$0.03,"$6,277,617","$121,655,245"
"Apr 19, 2020",$0.03,$0.03,$0.03,$0.03,"$5,231,183","$129,498,079"
"Apr 18, 2020",$0.03,$0.03,$0.03,$0.03,"$9,065,856","$133,271,839"
"Apr 17, 2020",$0.03,$0.03,$0.03,$0.03,"$5,236,143","$128,085,055"
"Apr 16, 2020",$0.03,$0.03,$0.03,$0.03,"$5,881,124","$127,394,516"
"Apr 15, 2020",$0.03,$0.03,$0.03,$0.03,"$3,934,307","$124,676,583"
"Apr 14, 2020",$0.03,$0.03,$0.03,$0.03,"$4,283,014","$127,895,016"
"Apr 13, 2020",$0.03,$0.03,$0.03,$0.03,"$5,558,827","$126,389,157"
"Apr 12, 2020",$0.03,$0.03,$0.03,$0.03,"$6,637,149","$130,274,471"
"Apr 11, 2020",$0.03,$0.03,$0.03,$0.03,"$6,515,737","$127,378,773"
"Apr 10, 2020",$0.04,$0.04,$0.03,$0.03,"$18,445,176","$127,626,074"
"Apr 09, 2020",$0.03,$0.04,$0.03,$0.04,"$11,341,789","$142,320,304"
"Apr 08, 2020",$0.03,$0.03,$0.03,$0.03,"$7,527,167","$130,694,683"
"Apr 07, 2020",$0.03,$0.04,$0.03,$0.03,"$9,490,550","$129,822,263"
"Apr 06, 2020",$0.03,$0.04,$0.03,$0.03,"$8,096,218","$135,130,491"
"Apr 05, 2020",$0.03,$0.03,$0.03,$0.03,"$5,202,840","$126,884,723"
"Apr 04, 2020",$0.03,$0.03,$0.03,$0.03,"$8,548,776","$129,552,126"
"Apr 03, 2020",$0.03,$0.03,$0.03,$0.03,"$10,714,200","$131,270,800"
"Apr 02, 2020",$0.03,$0.03,$0.03,$0.03,"$11,276,196","$129,116,684"
"Apr 01, 2020",$0.03,$0.03,$0.03,$0.03,"$9,153,463","$125,989,595"
"Mar 31, 2020",$0.03,$0.03,$0.03,$0.03,"$6,948,777","$121,973,502"
"Mar 30, 2020",$0.03,$0.03,$0.03,$0.03,"$6,234,024","$121,838,040"
"Mar 29, 2020",$0.03,$0.03,$0.03,$0.03,"$10,230,951","$117,195,084"
"Mar 28, 2020",$0.03,$0.03,$0.03,$0.03,"$8,591,711","$118,284,249"
"Mar 27, 2020",$0.03,$0.03,$0.03,$0.03,"$5,239,328","$123,264,179"
"Mar 26, 2020",$0.03,$0.03,$0.03,$0.03,"$4,238,871","$129,717,556"
"Mar 25, 2020",$0.03,$0.03,$0.03,$0.03,"$11,692,355","$129,409,860"
"Mar 24, 2020",$0.03,$0.04,$0.03,$0.03,"$15,466,624","$128,649,619"
"Mar 23, 2020",$0.03,$0.03,$0.03,$0.03,"$24,350,947","$129,917,327"
"Mar 22, 2020",$0.04,$0.04,$0.03,$0.03,"$13,686,858","$115,209,265"
"Mar 21, 2020",$0.04,$0.04,$0.03,$0.04,"$14,621,250","$127,600,107"
"Mar 20, 2020",$0.04,$0.04,$0.04,$0.04,"$30,210,239","$131,138,067"
"Mar 19, 2020",$0.04,$0.04,$0.03,$0.04,"$46,773,504","$139,138,469"
"Mar 18, 2020",$0.04,$0.04,$0.03,$0.04,"$26,223,585","$123,920,887"
"Mar 17, 2020",$0.04,$0.04,$0.03,$0.04,"$25,976,594","$128,973,356"
"Mar 16, 2020",$0.04,$0.04,$0.03,$0.04,"$39,392,143","$122,583,841"
"Mar 15, 2020",$0.04,$0.05,$0.04,$0.04,"$38,029,597","$138,529,904"
"Mar 14, 2020",$0.04,$0.05,$0.04,$0.04,"$111,297,744","$142,110,042"
"Mar 13, 2020",$0.03,$0.04,$0.02,$0.04,"$54,651,413","$120,639,954"
"Mar 12, 2020",$0.05,$0.05,$0.03,$0.03,"$36,350,435","$90,078,251"
"Mar 11, 2020",$0.04,$0.05,$0.04,$0.05,"$57,157,478","$162,203,065"
"Mar 10, 2020",$0.05,$0.05,$0.04,$0.04,"$22,436,440","$151,605,804"
"Mar 09, 2020",$0.05,$0.05,$0.04,$0.05,"$25,683,972","$153,007,201"
"Mar 08, 2020",$0.06,$0.06,$0.05,$0.05,"$30,772,706","$170,823,982"
"Mar 07, 2020",$0.06,$0.06,$0.05,$0.06,"$38,164,623","$189,003,828"
"Mar 06, 2020",$0.05,$0.06,$0.05,$0.06,"$42,844,513","$197,511,041"
"Mar 05, 2020",$0.04,$0.05,$0.04,$0.05,"$13,757,078","$154,406,880"
"Mar 04, 2020",$0.04,$0.05,$0.04,$0.04,"$13,300,417","$141,383,594"
"Mar 03, 2020",$0.04,$0.04,$0.04,$0.04,"$8,915,294","$140,203,308"
"Mar 02, 2020",$0.03,$0.04,$0.03,$0.04,"$11,917,773","$129,280,182"
"Mar 01, 2020",$0.03,$0.04,$0.03,$0.03,"$5,769,514","$115,805,123"
"Feb 29, 2020",$0.04,$0.04,$0.03,$0.03,"$7,082,686","$113,519,409"
"Feb 28, 2020",$0.04,$0.04,$0.03,$0.04,"$10,046,671","$116,006,924"
"Feb 27, 2020",$0.03,$0.04,$0.03,$0.04,"$13,561,158","$119,987,781"
"Feb 26, 2020",$0.04,$0.04,$0.03,$0.03,"$10,358,571","$107,953,431"
"Feb 25, 2020",$0.04,$0.04,$0.03,$0.04,"$9,353,337","$117,947,567"
"Feb 24, 2020",$0.04,$0.04,$0.04,$0.04,"$9,647,410","$125,062,136"
"Feb 23, 2020",$0.05,$0.05,$0.04,$0.04,"$10,124,184","$141,199,560"
"Feb 22, 2020",$0.05,$0.05,$0.05,$0.05,"$8,250,446","$146,743,526"
"Feb 21, 2020",$0.05,$0.05,$0.04,$0.05,"$10,658,120","$150,230,050"
"Feb 20, 2020",$0.05,$0.05,$0.04,$0.05,"$10,408,516","$149,615,451"
"Feb 19, 2020",$0.05,$0.05,$0.05,$0.05,"$12,566,028","$150,207,804"
"Feb 18, 2020",$0.05,$0.05,$0.05,$0.05,"$15,233,725","$164,454,376"
"Feb 17, 2020",$0.05,$0.06,$0.05,$0.05,"$48,066,896","$166,838,345"
"Feb 16, 2020",$0.05,$0.05,$0.04,$0.05,"$28,202,193","$163,753,717"
"Feb 15, 2020",$0.05,$0.06,$0.05,$0.05,"$21,033,193","$152,363,097"
"Feb 14, 2020",$0.06,$0.06,$0.05,$0.05,"$55,305,919","$172,722,208"
"Feb 13, 2020",$0.07,$0.08,$0.05,$0.06,"$80,583,280","$175,326,098"
"Feb 12, 2020",$0.03,$0.08,$0.03,$0.07,"$280,239,702","$218,288,555"
"Feb 11, 2020",$0.02,$0.03,$0.02,$0.03,"$64,071,338","$107,735,592"
"Feb 10, 2020",$0.02,$0.02,$0.02,$0.02,"$2,131,724","$59,984,429"
"Feb 09, 2020",$0.02,$0.02,$0.02,$0.02,"$5,083,997","$65,282,411"
"Feb 08, 2020",$0.02,$0.02,$0.02,$0.02,"$3,787,210","$58,519,439"
"Feb 07, 2020",$0.02,$0.02,$0.02,$0.02,"$4,548,240","$66,902,129"
"Feb 06, 2020",$0.02,$0.02,$0.02,$0.02,"$7,403,601","$65,500,523"
"Feb 05, 2020",$0.02,$0.02,$0.02,$0.02,"$11,911,749","$72,110,118"
"Feb 04, 2020",$0.02,$0.02,$0.02,$0.02,"$11,594,548","$57,592,470"
"Feb 03, 2020",$0.01,$0.02,$0.01,$0.02,"$4,042,772","$49,774,690"
"Feb 02, 2020",$0.01,$0.02,$0.01,$0.01,"$860,062","$37,351,103"
"Feb 01, 2020",$0.01,$0.01,$0.01,$0.01,"$1,168,701","$29,848,586"
"Jan 31, 2020",$0.01,$0.01,$0.01,$0.01,"$1,319,754","$27,496,959"
"Jan 30, 2020",$0.01,$0.01,$0.01,$0.01,"$659,433","$24,865,674"
"Jan 29, 2020",$0.01,$0.01,$0.01,$0.01,"$752,773","$24,167,957"
"Jan 28, 2020",$0.01,$0.01,$0.01,$0.01,"$1,187,229","$24,007,406"
"Jan 27, 2020",$0.01,$0.01,$0.01,$0.01,"$1,349,616","$23,735,607"
"Jan 26, 2020",$0.01,$0.01,$0.01,$0.01,"$1,528,900","$24,279,700"
"Jan 25, 2020",$0.01,$0.01,$0.01,$0.01,"$2,762,500","$25,152,350"
"Jan 24, 2020",$0.01,$0.01,$0.01,$0.01,"$960,056","$23,091,181"
"Jan 23, 2020",$0.01,$0.01,$0.01,$0.01,"$681,767","$21,187,114"
"Jan 22, 2020",$0.01,$0.01,$0.01,$0.01,"$970,784","$21,649,474"
"Jan 21, 2020",$0.01,$0.01,$0.01,$0.01,"$585,472","$20,953,498"
"Jan 20, 2020",$0.01,$0.01,$0.01,$0.01,"$401,932","$21,235,599"
"Jan 19, 2020",$0.01,$0.01,$0.01,$0.01,"$1,126,616","$21,784,123"
"Jan 18, 2020",$0.01,$0.01,$0.01,$0.01,"$1,117,063","$23,924,434"
"Jan 17, 2020",$0.01,$0.01,$0.01,$0.01,"$1,887,919","$23,470,194"
"Jan 16, 2020",$0.01,$0.01,$0.01,$0.01,"$1,576,593","$22,306,306"
"Jan 15, 2020",$0.01,$0.01,$0.01,$0.01,"$1,287,441","$20,227,927"
"Jan 14, 2020",$0.01,$0.01,$0.01,$0.01,"$1,407,667","$19,986,658"
"Jan 13, 2020",$0.01,$0.01,$0.01,$0.01,"$620,240","$20,518,006"
"Jan 12, 2020",$0.01,$0.01,$0.01,$0.01,"$753,126","$21,330,577"
"Jan 11, 2020",$0.01,$0.01,$0.01,$0.01,"$1,207,051","$22,158,175"
"Jan 10, 2020",$0.01,$0.01,$0.01,$0.01,"$1,755,040","$20,613,316"
"Jan 09, 2020",$0.01,$0.01,$0.01,$0.01,"$1,092,002","$19,753,002"
"Jan 08, 2020",$0.01,$0.01,$0.01,$0.01,"$1,159,426","$19,953,996"
"Jan 07, 2020",$0.01,$0.01,$0.01,$0.01,"$1,685,750","$21,431,211"
"Jan 06, 2020",$0.01,$0.01,$0.01,$0.01,"$1,837,289","$22,024,133"
"Jan 05, 2020",$0.01,$0.01,$0.01,$0.01,"$3,472,337","$22,835,351"
"Jan 04, 2020",$0.01,$0.01,$0.01,$0.01,"$2,659,372","$21,754,447"
"Jan 03, 2020",$0.01,$0.01,$0.01,$0.01,"$970,022","$20,162,135"
"Jan 02, 2020",$0.01,$0.01,$0.01,$0.01,"$1,676,703","$19,573,035"
"Jan 01, 2020",$0.01,$0.01,$0.01,$0.01,"$1,936,716","$20,270,590"
"Dec 31, 2019",$0.01,$0.01,$0.01,$0.01,"$2,252,336","$19,844,057"
"Dec 30, 2019",$0.01,$0.01,$0.01,$0.01,"$2,703,762","$17,346,700"
"Dec 29, 2019",$0.01,$0.01,$0.01,$0.01,"$2,387,983","$19,870,992"
"Dec 28, 2019",$0.01,$0.01,$0.01,$0.01,"$861,231","$21,565,236"
"Dec 27, 2019",$0.01,$0.01,$0.01,$0.01,"$1,321,305","$21,628,524"
"Dec 26, 2019",$0.01,$0.02,$0.01,$0.01,"$995,518","$22,317,656"
"Dec 25, 2019",$0.02,$0.02,$0.01,$0.01,"$1,553,523","$22,473,004"
"Dec 24, 2019",$0.02,$0.02,$0.02,$0.02,"$1,229,424","$23,030,025"
"Dec 23, 2019",$0.02,$0.02,$0.02,$0.02,"$6,095,890","$22,407,161"
"Dec 22, 2019",$0.02,$0.02,$0.02,$0.02,"$1,893,878","$19,256,101"
"Dec 21, 2019",$0.02,$0.02,$0.02,$0.02,"$1,181,121","$19,132,589"
"Dec 20, 2019",$0.02,$0.02,$0.02,$0.02,"$1,324,993","$19,569,616"
"Dec 19, 2019",$0.02,$0.02,$0.02,$0.02,"$1,111,246","$18,899,119"
"Dec 18, 2019",$0.02,$0.02,$0.02,$0.02,"$1,637,684","$20,229,501"
"Dec 17, 2019",$0.02,$0.02,$0.02,$0.02,"$1,478,721","$19,207,582"
"Dec 16, 2019",$0.02,$0.02,$0.02,$0.02,"$2,954,861","$20,356,685"
"Dec 15, 2019",$0.02,$0.02,$0.02,$0.02,"$2,330,691","$22,112,051"
"Dec 14, 2019",$0.02,$0.02,$0.02,$0.02,"$1,939,084","$22,623,101"
"Dec 13, 2019",$0.02,$0.03,$0.02,$0.02,"$2,083,550","$22,656,790"
"Dec 12, 2019",$0.02,$0.03,$0.02,$0.02,"$2,442,938","$22,649,307"
"Dec 11, 2019",$0.02,$0.03,$0.02,$0.02,"$2,930,070","$23,885,631"
"Dec 10, 2019",$0.03,$0.03,$0.02,$0.02,"$4,190,617","$22,667,225"
"Dec 09, 2019",$0.03,$0.03,$0.02,$0.03,"$4,359,300","$24,545,184"
"Dec 08, 2019",$0.02,$0.03,$0.02,$0.03,"$4,424,099","$26,495,635"
"Dec 07, 2019",$0.02,$0.03,$0.02,$0.02,"$2,647,116","$24,096,052"
"Dec 06, 2019",$0.02,$0.02,$0.02,$0.02,"$3,336,203","$23,283,938"
"Dec 05, 2019",$0.02,$0.02,$0.02,$0.02,"$3,362,743","$21,976,271"
"Dec 04, 2019",$0.02,$0.02,$0.02,$0.02,"$3,614,457","$22,320,602"
"Dec 03, 2019",$0.02,$0.02,$0.02,$0.02,"$2,056,880","$23,465,209"
"Dec 02, 2019",$0.03,$0.03,$0.02,$0.02,"$1,570,044","$23,731,812"
"Dec 01, 2019",$0.03,$0.03,$0.02,$0.03,"$1,791,913","$17,261,657"
"Nov 30, 2019",$0.03,$0.03,$0.02,$0.02,"$1,643,155","$16,893,249"
"Nov 29, 2019",$0.03,$0.03,$0.02,$0.03,"$1,800,486","$17,662,612"
"Nov 28, 2019",$0.02,$0.03,$0.02,$0.03,"$1,280,190","$17,079,277"
"Nov 27, 2019",$0.02,$0.02,$0.02,$0.02,"$1,471,633","$16,490,905"
"Nov 26, 2019",$0.02,$0.03,$0.02,$0.02,"$1,365,881","$16,632,033"
"Nov 25, 2019",$0.02,$0.03,$0.02,$0.02,"$1,893,576","$16,372,898"
"Nov 24, 2019",$0.03,$0.03,$0.02,$0.02,"$1,361,580","$16,639,708"
"Nov 23, 2019",$0.03,$0.03,$0.02,$0.03,"$4,092,773","$17,505,340"
"Nov 22, 2019",$0.03,$0.03,$0.03,$0.03,"$1,852,150","$17,886,711"
"Nov 21, 2019",$0.03,$0.03,$0.03,$0.03,"$1,310,836","$18,591,223"
"Nov 20, 2019",$0.03,$0.03,$0.03,$0.03,"$1,570,142","$20,004,569"
"Nov 19, 2019",$0.03,$0.03,$0.03,$0.03,"$1,724,167","$20,707,885"
"Nov 18, 2019",$0.03,$0.03,$0.03,$0.03,"$1,568,646","$21,081,302"
"Nov 17, 2019",$0.03,$0.03,$0.03,$0.03,"$2,146,531","$22,286,115"
"Nov 16, 2019",$0.03,$0.03,$0.03,$0.03,"$1,158,702","$22,389,310"
"Nov 15, 2019",$0.03,$0.03,$0.03,$0.03,"$2,166,920","$22,039,779"
"Nov 14, 2019",$0.04,$0.04,$0.03,$0.03,"$1,729,182","$23,147,332"
"Nov 13, 2019",$0.04,$0.04,$0.03,$0.04,"$2,923,369","$23,827,967"
"Nov 12, 2019",$0.03,$0.04,$0.03,$0.04,"$1,351,782","$23,872,321"
"Nov 11, 2019",$0.04,$0.04,$0.03,$0.03,"$1,501,343","$23,442,242"
"Nov 10, 2019",$0.04,$0.04,$0.03,$0.04,"$2,730,208","$24,050,575"
"Nov 09, 2019",$0.03,$0.04,$0.03,$0.04,"$6,615,639","$25,044,505"
"Nov 08, 2019",$0.03,$0.04,$0.03,$0.03,"$2,694,297","$22,328,603"
"Nov 07, 2019",$0.03,$0.03,$0.03,$0.03,"$1,872,305","$22,306,353"
"Nov 06, 2019",$0.04,$0.04,$0.03,$0.03,"$2,856,084","$23,251,283"
"Nov 05, 2019",$0.04,$0.04,$0.04,$0.04,"$2,591,129","$24,644,565"
"Nov 04, 2019",$0.04,$0.04,$0.04,$0.04,"$6,682,646","$24,767,786"
"Nov 03, 2019",$0.03,$0.04,$0.03,$0.04,"$4,251,345","$24,995,397"
"Nov 02, 2019",$0.03,$0.03,$0.03,$0.03,"$1,933,072","$23,402,068"
"Nov 01, 2019",$0.03,$0.03,$0.03,$0.03,"$3,060,335","$23,548,608"
"Oct 31, 2019",$0.03,$0.03,$0.03,$0.03,"$2,922,878","$22,625,796"
"Oct 30, 2019",$0.03,$0.03,$0.03,$0.03,"$3,039,732","$20,864,946"
"Oct 29, 2019",$0.03,$0.03,$0.03,$0.03,"$4,655,707","$21,617,086"
"Oct 28, 2019",$0.03,$0.03,$0.03,$0.03,"$3,899,067","$20,187,737"
"Oct 27, 2019",$0.03,$0.03,$0.03,$0.03,"$2,871,327","$20,168,196"
"Oct 26, 2019",$0.03,$0.03,$0.03,$0.03,"$4,380,610","$19,565,014"
"Oct 25, 2019",$0.03,$0.03,$0.03,$0.03,"$5,065,332","$19,532,919"
"Oct 24, 2019",$0.03,$0.03,$0.03,$0.03,"$3,089,111","$18,415,387"
"Oct 23, 2019",$0.03,$0.03,$0.03,$0.03,"$4,196,944","$17,874,540"
"Oct 22, 2019",$0.03,$0.03,$0.03,$0.03,"$3,346,363","$20,083,726"
"Oct 21, 2019",$0.03,$0.03,$0.03,$0.03,"$2,536,833","$21,142,334"
"Oct 20, 2019",$0.03,$0.03,$0.03,$0.03,"$2,175,117","$20,893,997"
"Oct 19, 2019",$0.03,$0.03,$0.03,$0.03,"$2,228,299","$21,364,152"
"Oct 18, 2019",$0.04,$0.04,$0.03,$0.03,"$3,286,417","$21,560,826"
"Oct 17, 2019",$0.04,$0.04,$0.03,$0.04,"$3,692,976","$22,323,900"
"Oct 16, 2019",$0.04,$0.04,$0.04,$0.04,"$5,250,770","$23,952,684"
"Oct 15, 2019",$0.04,$0.04,$0.04,$0.04,"$5,756,021","$24,078,603"
"Oct 14, 2019",$0.03,$0.04,$0.03,$0.04,"$5,504,883","$23,772,372"
"Oct 13, 2019",$0.04,$0.04,$0.03,$0.03,"$2,458,017","$21,074,638"
"Oct 12, 2019",$0.04,$0.04,$0.03,$0.03,"$2,184,305","$22,270,481"
"Oct 11, 2019",$0.04,$0.04,$0.04,$0.04,"$3,022,574","$22,955,363"
"Oct 10, 2019",$0.04,$0.04,$0.04,$0.04,"$3,263,875","$24,403,813"
"Oct 09, 2019",$0.04,$0.04,$0.04,$0.04,"$4,648,692","$24,837,313"
"Oct 08, 2019",$0.04,$0.04,$0.04,$0.04,"$3,923,517","$24,697,778"
"Oct 07, 2019",$0.04,$0.04,$0.04,$0.04,"$4,898,706","$24,300,772"
"Oct 06, 2019",$0.04,$0.04,$0.04,$0.04,"$4,268,439",$0
"Oct 05, 2019",$0.04,$0.04,$0.04,$0.04,"$11,880,918",$0
"Oct 04, 2019",$0.04,$0.04,$0.04,$0.04,"$5,625,637",$0
"Oct 03, 2019",$0.04,$0.04,$0.04,$0.04,"$5,937,607",$0
"Oct 02, 2019",$0.04,$0.04,$0.04,$0.04,"$5,630,019",$0
"Oct 01, 2019",$0.04,$0.04,$0.04,$0.04,"$7,928,612",$0
"Sep 30, 2019",$0.04,$0.04,$0.04,$0.04,"$20,942,700",$0
"Sep 29, 2019",$0.04,$0.04,$0.03,$0.04,"$13,731,231",$0
"Sep 28, 2019",$0.04,$0.04,$0.04,$0.04,"$11,250,683",$0
"Sep 27, 2019",$0.03,$0.04,$0.03,$0.04,"$11,853,816",$0
"Sep 26, 2019",$0.03,$0.03,$0.03,$0.03,"$5,190,095",$0
"Sep 25, 2019",$0.03,$0.03,$0.03,$0.03,"$8,906,428",$0
"Sep 24, 2019",$0.04,$0.04,$0.03,$0.03,"$12,197,101",$0
"Sep 23, 2019",$0.04,$0.04,$0.04,$0.04,"$11,214,860",$0
"Sep 22, 2019",$0.05,$0.05,$0.04,$0.04,"$10,549,578",$0
"Sep 21, 2019",$0.05,$0.06,$0.05,$0.05,"$13,144,171",$0
"Sep 20, 2019",$0.06,$0.06,$0.05,$0.05,"$15,814,443",$0
"Sep 19, 2019",$0.09,$0.09,$0.05,$0.06,"$27,324,784",$0
"Sep 18, 2019",$0.09,$0.10,$0.08,$0.09,"$14,772,274",$0
"Sep 17, 2019",$0.42,$0.42,$0.09,$0.09,"$10,855,378",$0